row_index,model_label,model_name,endpoint_port,prompt_version,ground_truth,ml_lgb_prediction,ml_lgb_probability,llm_prediction,llm_confidence,parse_ok,parse_error
0,phi-mini-moe-instruct,Phi-mini-MoE-instruct,8001,v1,0,0,0.020860352730132,0,0.0,True,
1,phi-mini-moe-instruct,Phi-mini-MoE-instruct,8001,v1,0,0,0.2535256673393206,1,0.85,True,
2,phi-mini-moe-instruct,Phi-mini-MoE-instruct,8001,v1,0,0,0.102602350937172,0,0.0,True,
3,phi-mini-moe-instruct,Phi-mini-MoE-instruct,8001,v1,0,0,0.0159805845857227,1,0.85,True,
4,phi-mini-moe-instruct,Phi-mini-MoE-instruct,8001,v1,0,0,0.0159805845857227,0,0.0,True,
5,phi-mini-moe-instruct,Phi-mini-MoE-instruct,8001,v1,0,0,0.0159805845857227,0,0.0,True,
6,phi-mini-moe-instruct,Phi-mini-MoE-instruct,8001,v1,0,0,0.0207654275156114,0,0.0,True,
7,phi-mini-moe-instruct,Phi-mini-MoE-instruct,8001,v1,0,0,0.0159805845857227,0,0.0,True,
8,phi-mini-moe-instruct,Phi-mini-MoE-instruct,8001,v1,0,0,0.0799409580985262,1,0.85,True,
9,phi-mini-moe-instruct,Phi-mini-MoE-instruct,8001,v1,0,0,0.0159805845857227,0,0.0,True,
10,phi-mini-moe-instruct,Phi-mini-MoE-instruct,8001,v1,0,1,0.6618055584406066,0,0.0,True,
11,phi-mini-moe-instruct,Phi-mini-MoE-instruct,8001,v1,0,0,0.0159805845857227,1,0.85,True,
12,phi-mini-moe-instruct,Phi-mini-MoE-instruct,8001,v1,0,0,0.0159805845857227,0,0.0,True,
13,phi-mini-moe-instruct,Phi-mini-MoE-instruct,8001,v1,0,0,0.0179755870369861,1,0.85,True,
14,phi-mini-moe-instruct,Phi-mini-MoE-instruct,8001,v1,0,0,0.0159805845857227,0,0.0,True,
15,phi-mini-moe-instruct,Phi-mini-MoE-instruct,8001,v1,0,0,0.0225251116965585,1,0.85,True,
16,phi-mini-moe-instruct,Phi-mini-MoE-instruct,8001,v1,0,0,0.0159805845857227,0,0.0,True,
17,phi-mini-moe-instruct,Phi-mini-MoE-instruct,8001,v1,0,0,0.0159805845857227,0,0.0,True,
18,phi-mini-moe-instruct,Phi-mini-MoE-instruct,8001,v1,0,0,0.0283355274077156,0,0.0,True,
19,phi-mini-moe-instruct,Phi-mini-MoE-instruct,8001,v1,0,0,0.0159805845857227,0,0.0,True,
20,phi-mini-moe-instruct,Phi-mini-MoE-instruct,8001,v1,0,0,0.0178257543653875,0,0.0,True,
21,phi-mini-moe-instruct,Phi-mini-MoE-instruct,8001,v1,0,0,0.0159805845857227,0,0.0,True,
22,phi-mini-moe-instruct,Phi-mini-MoE-instruct,8001,v1,0,0,0.020226548972622,1,0.85,True,
23,phi-mini-moe-instruct,Phi-mini-MoE-instruct,8001,v1,0,0,0.0159805845857227,0,0.0,True,
24,phi-mini-moe-instruct,Phi-mini-MoE-instruct,8001,v1,0,0,0.0167182672329199,0,0.0,True,
25,phi-mini-moe-instruct,Phi-mini-MoE-instruct,8001,v1,0,0,0.0159805845857227,0,0.0,True,
26,phi-mini-moe-instruct,Phi-mini-MoE-instruct,8001,v1,0,0,0.0274011967206008,0,0.0,True,
27,phi-mini-moe-instruct,Phi-mini-MoE-instruct,8001,v1,0,0,0.0159805845857227,1,0.85,True,
28,phi-mini-moe-instruct,Phi-mini-MoE-instruct,8001,v1,0,0,0.0249529568232982,1,0.85,True,
29,phi-mini-moe-instruct,Phi-mini-MoE-instruct,8001,v1,0,0,0.0159805845857227,0,0.0,True,
30,phi-mini-moe-instruct,Phi-mini-MoE-instruct,8001,v1,0,0,0.0159805845857227,0,0.0,True,
31,phi-mini-moe-instruct,Phi-mini-MoE-instruct,8001,v1,0,0,0.0159805845857227,0,0.0,True,
32,phi-mini-moe-instruct,Phi-mini-MoE-instruct,8001,v1,0,0,0.0159805845857227,0,0.0,True,
33,phi-mini-moe-instruct,Phi-mini-MoE-instruct,8001,v1,0,0,0.1460187347649092,0,0.0,True,
34,phi-mini-moe-instruct,Phi-mini-MoE-instruct,8001,v1,0,0,0.0159805845857227,0,0.0,True,
35,phi-mini-moe-instruct,Phi-mini-MoE-instruct,8001,v1,0,0,0.0159805845857227,0,0.0,True,
36,phi-mini-moe-instruct,Phi-mini-MoE-instruct,8001,v1,0,0,0.0167182672329199,0,0.0,True,
37,phi-mini-moe-instruct,Phi-mini-MoE-instruct,8001,v1,0,0,0.0159805845857227,0,0.0,True,
38,phi-mini-moe-instruct,Phi-mini-MoE-instruct,8001,v1,0,0,0.0159805845857227,0,0.0,True,
39,phi-mini-moe-instruct,Phi-mini-MoE-instruct,8001,v1,0,0,0.0159805845857227,0,0.0,True,
40,phi-mini-moe-instruct,Phi-mini-MoE-instruct,8001,v1,0,0,0.0159805845857227,0,0.0,True,
41,phi-mini-moe-instruct,Phi-mini-MoE-instruct,8001,v1,0,0,0.1391424691435931,1,0.95,True,
42,phi-mini-moe-instruct,Phi-mini-MoE-instruct,8001,v1,0,0,0.0159805845857227,0,0.0,True,
43,phi-mini-moe-instruct,Phi-mini-MoE-instruct,8001,v1,0,0,0.0221208814152887,0,0.0,True,
44,phi-mini-moe-instruct,Phi-mini-MoE-instruct,8001,v1,0,0,0.0159805845857227,0,0.0,True,
45,phi-mini-moe-instruct,Phi-mini-MoE-instruct,8001,v1,0,0,0.0159805845857227,0,0.0,True,
46,phi-mini-moe-instruct,Phi-mini-MoE-instruct,8001,v1,0,0,0.0159805845857227,0,0.0,True,
47,phi-mini-moe-instruct,Phi-mini-MoE-instruct,8001,v1,0,0,0.0159805845857227,0,0.0,True,
48,phi-mini-moe-instruct,Phi-mini-MoE-instruct,8001,v1,0,0,0.0159805845857227,0,0.0,True,
49,phi-mini-moe-instruct,Phi-mini-MoE-instruct,8001,v1,0,0,0.0174482412450147,1,0.85,True,
50,phi-mini-moe-instruct,Phi-mini-MoE-instruct,8001,v1,0,0,0.0159805845857227,1,0.85,True,
51,phi-mini-moe-instruct,Phi-mini-MoE-instruct,8001,v1,0,0,0.0159805845857227,0,0.0,True,
52,phi-mini-moe-instruct,Phi-mini-MoE-instruct,8001,v1,0,0,0.0159068157352821,0,0.0,True,
53,phi-mini-moe-instruct,Phi-mini-MoE-instruct,8001,v1,0,0,0.0194941732455687,0,0.0,True,
54,phi-mini-moe-instruct,Phi-mini-MoE-instruct,8001,v1,1,1,0.6834314262467054,0,0.0,True,
55,phi-mini-moe-instruct,Phi-mini-MoE-instruct,8001,v1,0,0,0.0159805845857227,1,0.85,True,
56,phi-mini-moe-instruct,Phi-mini-MoE-instruct,8001,v1,0,0,0.0159805845857227,0,0.0,True,
57,phi-mini-moe-instruct,Phi-mini-MoE-instruct,8001,v1,1,1,0.7401236675533011,1,0.95,True,
58,phi-mini-moe-instruct,Phi-mini-MoE-instruct,8001,v1,0,0,0.0168116105309565,0,0.0,True,
59,phi-mini-moe-instruct,Phi-mini-MoE-instruct,8001,v1,0,0,0.0159805845857227,0,0.0,True,
60,phi-mini-moe-instruct,Phi-mini-MoE-instruct,8001,v1,0,0,0.0159805845857227,0,0.0,True,
61,phi-mini-moe-instruct,Phi-mini-MoE-instruct,8001,v1,0,0,0.6018948819328759,0,0.0,True,
62,phi-mini-moe-instruct,Phi-mini-MoE-instruct,8001,v1,0,0,0.0159805845857227,0,0.0,True,
63,phi-mini-moe-instruct,Phi-mini-MoE-instruct,8001,v1,0,0,0.0159805845857227,0,0.0,True,
64,phi-mini-moe-instruct,Phi-mini-MoE-instruct,8001,v1,0,0,0.0159805845857227,0,0.0,True,
65,phi-mini-moe-instruct,Phi-mini-MoE-instruct,8001,v1,0,0,0.0183928774371474,0,0.0,True,
66,phi-mini-moe-instruct,Phi-mini-MoE-instruct,8001,v1,0,0,0.0159805845857227,1,0.85,True,
67,phi-mini-moe-instruct,Phi-mini-MoE-instruct,8001,v1,0,0,0.0159805845857227,0,0.0,True,
68,phi-mini-moe-instruct,Phi-mini-MoE-instruct,8001,v1,0,0,0.0159805845857227,0,0.0,True,
69,phi-mini-moe-instruct,Phi-mini-MoE-instruct,8001,v1,0,0,0.0159805845857227,0,0.0,True,
70,phi-mini-moe-instruct,Phi-mini-MoE-instruct,8001,v1,0,0,0.0862691560357464,0,0.0,True,
71,phi-mini-moe-instruct,Phi-mini-MoE-instruct,8001,v1,0,0,0.019382199464894,1,0.85,True,
72,phi-mini-moe-instruct,Phi-mini-MoE-instruct,8001,v1,0,0,0.0159805845857227,0,0.0,True,
73,phi-mini-moe-instruct,Phi-mini-MoE-instruct,8001,v1,0,0,0.0159805845857227,0,0.0,True,
74,phi-mini-moe-instruct,Phi-mini-MoE-instruct,8001,v1,0,0,0.0159805845857227,0,0.0,True,
75,phi-mini-moe-instruct,Phi-mini-MoE-instruct,8001,v1,0,0,0.0159805845857227,0,0.0,True,
76,phi-mini-moe-instruct,Phi-mini-MoE-instruct,8001,v1,0,0,0.0159805845857227,0,0.0,True,
77,phi-mini-moe-instruct,Phi-mini-MoE-instruct,8001,v1,0,0,0.0159805845857227,0,0.0,True,
78,phi-mini-moe-instruct,Phi-mini-MoE-instruct,8001,v1,0,0,0.0159805845857227,0,0.0,True,
79,phi-mini-moe-instruct,Phi-mini-MoE-instruct,8001,v1,0,0,0.0159805845857227,0,0.0,True,
80,phi-mini-moe-instruct,Phi-mini-MoE-instruct,8001,v1,0,0,0.0159805845857227,0,0.0,True,
81,phi-mini-moe-instruct,Phi-mini-MoE-instruct,8001,v1,0,0,0.0159805845857227,0,0.0,True,
82,phi-mini-moe-instruct,Phi-mini-MoE-instruct,8001,v1,0,0,0.0159805845857227,0,0.0,True,
83,phi-mini-moe-instruct,Phi-mini-MoE-instruct,8001,v1,0,0,0.0159805845857227,0,0.0,True,
84,phi-mini-moe-instruct,Phi-mini-MoE-instruct,8001,v1,0,0,0.0159805845857227,0,0.0,True,
85,phi-mini-moe-instruct,Phi-mini-MoE-instruct,8001,v1,0,0,0.0159805845857227,0,0.0,True,
86,phi-mini-moe-instruct,Phi-mini-MoE-instruct,8001,v1,0,0,0.0159805845857227,0,0.0,True,
87,phi-mini-moe-instruct,Phi-mini-MoE-instruct,8001,v1,0,0,0.0159805845857227,0,0.0,True,
88,phi-mini-moe-instruct,Phi-mini-MoE-instruct,8001,v1,0,0,0.0159805845857227,0,0.0,True,
89,phi-mini-moe-instruct,Phi-mini-MoE-instruct,8001,v1,0,0,0.0445086691251727,1,0.85,True,
90,phi-mini-moe-instruct,Phi-mini-MoE-instruct,8001,v1,0,0,0.0159805845857227,1,0.95,True,
91,phi-mini-moe-instruct,Phi-mini-MoE-instruct,8001,v1,0,0,0.0159805845857227,0,0.0,True,
92,phi-mini-moe-instruct,Phi-mini-MoE-instruct,8001,v1,0,0,0.0159805845857227,0,0.0,True,
93,phi-mini-moe-instruct,Phi-mini-MoE-instruct,8001,v1,0,0,0.0159805845857227,0,0.0,True,
94,phi-mini-moe-instruct,Phi-mini-MoE-instruct,8001,v1,0,0,0.0185738120492697,0,0.0,True,
95,phi-mini-moe-instruct,Phi-mini-MoE-instruct,8001,v1,0,0,0.0159805845857227,0,0.0,True,
96,phi-mini-moe-instruct,Phi-mini-MoE-instruct,8001,v1,0,0,0.0159805845857227,1,0.85,True,
97,phi-mini-moe-instruct,Phi-mini-MoE-instruct,8001,v1,0,0,0.0159805845857227,0,0.0,True,
98,phi-mini-moe-instruct,Phi-mini-MoE-instruct,8001,v1,0,0,0.0159805845857227,0,0.0,True,
99,phi-mini-moe-instruct,Phi-mini-MoE-instruct,8001,v1,0,0,0.0159805845857227,0,0.0,True,
100,phi-mini-moe-instruct,Phi-mini-MoE-instruct,8001,v1,0,0,0.0159805845857227,0,0.0,True,
101,phi-mini-moe-instruct,Phi-mini-MoE-instruct,8001,v1,0,0,0.0159805845857227,0,0.0,True,
102,phi-mini-moe-instruct,Phi-mini-MoE-instruct,8001,v1,0,0,0.0159805845857227,0,0.0,True,
103,phi-mini-moe-instruct,Phi-mini-MoE-instruct,8001,v1,0,0,0.0159805845857227,0,0.0,True,
104,phi-mini-moe-instruct,Phi-mini-MoE-instruct,8001,v1,0,0,0.0159805845857227,0,0.0,True,
105,phi-mini-moe-instruct,Phi-mini-MoE-instruct,8001,v1,0,0,0.0159805845857227,0,0.0,True,
106,phi-mini-moe-instruct,Phi-mini-MoE-instruct,8001,v1,0,0,0.1854358551161143,1,0.85,True,
107,phi-mini-moe-instruct,Phi-mini-MoE-instruct,8001,v1,0,0,0.0159805845857227,0,0.0,True,
108,phi-mini-moe-instruct,Phi-mini-MoE-instruct,8001,v1,0,0,0.0159805845857227,0,0.0,True,
109,phi-mini-moe-instruct,Phi-mini-MoE-instruct,8001,v1,0,0,0.0159805845857227,0,0.0,True,
110,phi-mini-moe-instruct,Phi-mini-MoE-instruct,8001,v1,0,0,0.0159805845857227,0,0.0,True,
111,phi-mini-moe-instruct,Phi-mini-MoE-instruct,8001,v1,0,0,0.5114958285517927,1,0.75,True,
112,phi-mini-moe-instruct,Phi-mini-MoE-instruct,8001,v1,0,0,0.0159805845857227,0,0.0,True,
113,phi-mini-moe-instruct,Phi-mini-MoE-instruct,8001,v1,0,0,0.0159805845857227,0,0.0,True,
114,phi-mini-moe-instruct,Phi-mini-MoE-instruct,8001,v1,0,0,0.6410258741876192,0,0.0,True,
115,phi-mini-moe-instruct,Phi-mini-MoE-instruct,8001,v1,0,0,0.0638566465245941,0,0.0,True,
116,phi-mini-moe-instruct,Phi-mini-MoE-instruct,8001,v1,0,0,0.0159805845857227,0,0.0,True,
117,phi-mini-moe-instruct,Phi-mini-MoE-instruct,8001,v1,0,0,0.0159805845857227,0,0.0,True,
118,phi-mini-moe-instruct,Phi-mini-MoE-instruct,8001,v1,0,0,0.0159805845857227,0,0.0,True,
119,phi-mini-moe-instruct,Phi-mini-MoE-instruct,8001,v1,0,0,0.0159805845857227,0,0.0,True,
120,phi-mini-moe-instruct,Phi-mini-MoE-instruct,8001,v1,0,0,0.0159805845857227,0,0.0,True,
121,phi-mini-moe-instruct,Phi-mini-MoE-instruct,8001,v1,0,0,0.0159805845857227,1,0.85,True,
122,phi-mini-moe-instruct,Phi-mini-MoE-instruct,8001,v1,0,0,0.0159805845857227,0,0.0,True,
123,phi-mini-moe-instruct,Phi-mini-MoE-instruct,8001,v1,0,0,0.0159805845857227,0,0.0,True,
124,phi-mini-moe-instruct,Phi-mini-MoE-instruct,8001,v1,0,0,0.0159805845857227,0,0.0,True,
125,phi-mini-moe-instruct,Phi-mini-MoE-instruct,8001,v1,0,0,0.0174482412450147,0,0.0,True,
126,phi-mini-moe-instruct,Phi-mini-MoE-instruct,8001,v1,0,0,0.0167182672329199,0,0.0,True,
127,phi-mini-moe-instruct,Phi-mini-MoE-instruct,8001,v1,0,0,0.0159805845857227,0,0.0,True,
128,phi-mini-moe-instruct,Phi-mini-MoE-instruct,8001,v1,0,0,0.0159805845857227,0,0.0,True,
129,phi-mini-moe-instruct,Phi-mini-MoE-instruct,8001,v1,0,0,0.0328103431298333,1,0.85,True,
130,phi-mini-moe-instruct,Phi-mini-MoE-instruct,8001,v1,0,0,0.0174482412450147,1,0.85,True,
131,phi-mini-moe-instruct,Phi-mini-MoE-instruct,8001,v1,0,0,0.0159805845857227,0,0.0,True,
132,phi-mini-moe-instruct,Phi-mini-MoE-instruct,8001,v1,0,0,0.0159805845857227,0,0.0,True,
133,phi-mini-moe-instruct,Phi-mini-MoE-instruct,8001,v1,0,0,0.0159805845857227,0,0.0,True,
134,phi-mini-moe-instruct,Phi-mini-MoE-instruct,8001,v1,0,0,0.0159805845857227,1,0.95,True,
135,phi-mini-moe-instruct,Phi-mini-MoE-instruct,8001,v1,0,0,0.0159805845857227,0,0.0,True,
136,phi-mini-moe-instruct,Phi-mini-MoE-instruct,8001,v1,0,0,0.0159805845857227,0,0.0,True,
137,phi-mini-moe-instruct,Phi-mini-MoE-instruct,8001,v1,0,0,0.0159805845857227,0,0.0,True,
138,phi-mini-moe-instruct,Phi-mini-MoE-instruct,8001,v1,1,1,0.6555214910772164,1,0.85,True,
139,phi-mini-moe-instruct,Phi-mini-MoE-instruct,8001,v1,0,0,0.0159805845857227,1,0.85,True,
140,phi-mini-moe-instruct,Phi-mini-MoE-instruct,8001,v1,0,0,0.0159805845857227,0,0.0,True,
141,phi-mini-moe-instruct,Phi-mini-MoE-instruct,8001,v1,0,0,0.0185161825067621,0,0.0,True,
142,phi-mini-moe-instruct,Phi-mini-MoE-instruct,8001,v1,0,0,0.0182178030424931,0,0.0,True,
143,phi-mini-moe-instruct,Phi-mini-MoE-instruct,8001,v1,0,0,0.0159805845857227,1,0.85,True,
144,phi-mini-moe-instruct,Phi-mini-MoE-instruct,8001,v1,0,0,0.0243334438755953,0,0.0,True,
145,phi-mini-moe-instruct,Phi-mini-MoE-instruct,8001,v1,0,0,0.0159805845857227,0,0.0,True,
146,phi-mini-moe-instruct,Phi-mini-MoE-instruct,8001,v1,0,0,0.0159805845857227,0,0.0,True,
147,phi-mini-moe-instruct,Phi-mini-MoE-instruct,8001,v1,0,0,0.0159805845857227,0,0.0,True,
148,phi-mini-moe-instruct,Phi-mini-MoE-instruct,8001,v1,0,0,0.0159805845857227,0,0.0,True,
149,phi-mini-moe-instruct,Phi-mini-MoE-instruct,8001,v1,0,0,0.0159805845857227,1,0.95,True,
150,phi-mini-moe-instruct,Phi-mini-MoE-instruct,8001,v1,0,0,0.0159805845857227,0,0.0,True,
151,phi-mini-moe-instruct,Phi-mini-MoE-instruct,8001,v1,0,0,0.0159805845857227,0,0.0,True,
152,phi-mini-moe-instruct,Phi-mini-MoE-instruct,8001,v1,0,0,0.0159805845857227,0,0.0,True,
153,phi-mini-moe-instruct,Phi-mini-MoE-instruct,8001,v1,0,0,0.0159805845857227,0,0.0,True,
154,phi-mini-moe-instruct,Phi-mini-MoE-instruct,8001,v1,0,0,0.2796495783927667,0,0.0,True,
155,phi-mini-moe-instruct,Phi-mini-MoE-instruct,8001,v1,0,0,0.0159805845857227,1,0.95,True,
156,phi-mini-moe-instruct,Phi-mini-MoE-instruct,8001,v1,0,0,0.0159805845857227,0,0.0,True,
157,phi-mini-moe-instruct,Phi-mini-MoE-instruct,8001,v1,0,0,0.0179755870369861,0,0.0,True,
158,phi-mini-moe-instruct,Phi-mini-MoE-instruct,8001,v1,0,0,0.0159805845857227,0,0.0,True,
159,phi-mini-moe-instruct,Phi-mini-MoE-instruct,8001,v1,0,0,0.0174482412450147,1,0.85,True,
160,phi-mini-moe-instruct,Phi-mini-MoE-instruct,8001,v1,0,0,0.0159805845857227,0,0.0,True,
161,phi-mini-moe-instruct,Phi-mini-MoE-instruct,8001,v1,0,0,0.0159805845857227,0,0.0,True,
162,phi-mini-moe-instruct,Phi-mini-MoE-instruct,8001,v1,0,0,0.0159805845857227,0,0.0,True,
163,phi-mini-moe-instruct,Phi-mini-MoE-instruct,8001,v1,0,0,0.0159805845857227,0,0.0,True,
164,phi-mini-moe-instruct,Phi-mini-MoE-instruct,8001,v1,0,0,0.0159805845857227,0,0.0,True,
165,phi-mini-moe-instruct,Phi-mini-MoE-instruct,8001,v1,0,0,0.0159805845857227,0,0.0,True,
166,phi-mini-moe-instruct,Phi-mini-MoE-instruct,8001,v1,0,0,0.0159805845857227,0,0.0,True,
167,phi-mini-moe-instruct,Phi-mini-MoE-instruct,8001,v1,0,0,0.0210362337651462,0,0.0,True,
168,phi-mini-moe-instruct,Phi-mini-MoE-instruct,8001,v1,0,0,0.0159805845857227,0,0.0,True,
169,phi-mini-moe-instruct,Phi-mini-MoE-instruct,8001,v1,0,0,0.0159805845857227,0,0.0,True,
170,phi-mini-moe-instruct,Phi-mini-MoE-instruct,8001,v1,0,0,0.0169196203352024,0,0.0,True,
171,phi-mini-moe-instruct,Phi-mini-MoE-instruct,8001,v1,0,0,0.0159805845857227,0,0.0,True,
172,phi-mini-moe-instruct,Phi-mini-MoE-instruct,8001,v1,0,0,0.0167182672329199,0,0.0,True,
173,phi-mini-moe-instruct,Phi-mini-MoE-instruct,8001,v1,0,0,0.0166700852494529,0,0.0,True,
174,phi-mini-moe-instruct,Phi-mini-MoE-instruct,8001,v1,0,0,0.0159805845857227,0,0.0,True,
175,phi-mini-moe-instruct,Phi-mini-MoE-instruct,8001,v1,0,0,0.0173477420599839,1,0.85,True,
176,phi-mini-moe-instruct,Phi-mini-MoE-instruct,8001,v1,0,0,0.1094162462997075,0,0.0,True,
177,phi-mini-moe-instruct,Phi-mini-MoE-instruct,8001,v1,0,0,0.0174482412450147,1,0.85,True,
178,phi-mini-moe-instruct,Phi-mini-MoE-instruct,8001,v1,0,0,0.0159805845857227,0,0.0,True,
179,phi-mini-moe-instruct,Phi-mini-MoE-instruct,8001,v1,0,0,0.0174482412450147,0,0.0,True,
180,phi-mini-moe-instruct,Phi-mini-MoE-instruct,8001,v1,0,0,0.0159805845857227,0,0.0,True,
181,phi-mini-moe-instruct,Phi-mini-MoE-instruct,8001,v1,0,0,0.0174482412450147,0,0.0,True,
182,phi-mini-moe-instruct,Phi-mini-MoE-instruct,8001,v1,0,0,0.5335916402570166,0,0.0,True,
183,phi-mini-moe-instruct,Phi-mini-MoE-instruct,8001,v1,0,0,0.0167303721577224,0,0.0,True,
184,phi-mini-moe-instruct,Phi-mini-MoE-instruct,8001,v1,0,0,0.0159805845857227,1,0.95,True,
185,phi-mini-moe-instruct,Phi-mini-MoE-instruct,8001,v1,0,1,0.7195223296943453,1,0.85,True,
186,phi-mini-moe-instruct,Phi-mini-MoE-instruct,8001,v1,0,0,0.133377610076136,0,0.0,True,
187,phi-mini-moe-instruct,Phi-mini-MoE-instruct,8001,v1,0,0,0.0159805845857227,0,0.0,True,
188,phi-mini-moe-instruct,Phi-mini-MoE-instruct,8001,v1,0,0,0.0159805845857227,0,0.0,True,
189,phi-mini-moe-instruct,Phi-mini-MoE-instruct,8001,v1,0,0,0.0281257360673852,0,0.0,True,
190,phi-mini-moe-instruct,Phi-mini-MoE-instruct,8001,v1,0,0,0.0159805845857227,0,0.0,True,
191,phi-mini-moe-instruct,Phi-mini-MoE-instruct,8001,v1,0,0,0.0159805845857227,0,0.0,True,
192,phi-mini-moe-instruct,Phi-mini-MoE-instruct,8001,v1,0,0,0.0172170413144678,0,0.0,True,
193,phi-mini-moe-instruct,Phi-mini-MoE-instruct,8001,v1,0,0,0.0159805845857227,1,0.85,True,
194,phi-mini-moe-instruct,Phi-mini-MoE-instruct,8001,v1,0,0,0.0159805845857227,0,0.0,True,
195,phi-mini-moe-instruct,Phi-mini-MoE-instruct,8001,v1,0,0,0.1077103101867045,0,0.0,True,
196,phi-mini-moe-instruct,Phi-mini-MoE-instruct,8001,v1,0,0,0.0159805845857227,0,0.0,True,
197,phi-mini-moe-instruct,Phi-mini-MoE-instruct,8001,v1,0,0,0.0159805845857227,0,0.0,True,
198,phi-mini-moe-instruct,Phi-mini-MoE-instruct,8001,v1,0,0,0.0159805845857227,0,0.0,True,
199,phi-mini-moe-instruct,Phi-mini-MoE-instruct,8001,v1,0,0,0.0159805845857227,0,0.0,True,
200,phi-mini-moe-instruct,Phi-mini-MoE-instruct,8001,v1,0,0,0.4777482465299377,1,0.85,True,
201,phi-mini-moe-instruct,Phi-mini-MoE-instruct,8001,v1,0,0,0.0159805845857227,1,0.85,True,
202,phi-mini-moe-instruct,Phi-mini-MoE-instruct,8001,v1,0,0,0.0159805845857227,0,0.0,True,
203,phi-mini-moe-instruct,Phi-mini-MoE-instruct,8001,v1,0,0,0.0167182672329199,0,0.0,True,
204,phi-mini-moe-instruct,Phi-mini-MoE-instruct,8001,v1,0,0,0.0159805845857227,0,0.0,True,
205,phi-mini-moe-instruct,Phi-mini-MoE-instruct,8001,v1,0,0,0.0159805845857227,0,0.0,True,
206,phi-mini-moe-instruct,Phi-mini-MoE-instruct,8001,v1,0,0,0.0159805845857227,0,0.0,True,
207,phi-mini-moe-instruct,Phi-mini-MoE-instruct,8001,v1,0,0,0.0170038190489558,0,0.0,True,
208,phi-mini-moe-instruct,Phi-mini-MoE-instruct,8001,v1,0,0,0.0159805845857227,0,0.0,True,
209,phi-mini-moe-instruct,Phi-mini-MoE-instruct,8001,v1,0,0,0.0159805845857227,0,0.0,True,
210,phi-mini-moe-instruct,Phi-mini-MoE-instruct,8001,v1,0,0,0.0179755870369861,1,0.85,True,
211,phi-mini-moe-instruct,Phi-mini-MoE-instruct,8001,v1,0,0,0.0159805845857227,0,0.0,True,
212,phi-mini-moe-instruct,Phi-mini-MoE-instruct,8001,v1,0,0,0.0184902693106732,1,0.85,True,
213,phi-mini-moe-instruct,Phi-mini-MoE-instruct,8001,v1,0,0,0.0159805845857227,0,0.0,True,
214,phi-mini-moe-instruct,Phi-mini-MoE-instruct,8001,v1,0,0,0.0159805845857227,0,0.0,True,
215,phi-mini-moe-instruct,Phi-mini-MoE-instruct,8001,v1,0,0,0.0185665570170269,0,0.0,True,
216,phi-mini-moe-instruct,Phi-mini-MoE-instruct,8001,v1,0,0,0.0159805845857227,0,0.0,True,
217,phi-mini-moe-instruct,Phi-mini-MoE-instruct,8001,v1,0,0,0.0159068157352821,1,0.85,True,
218,phi-mini-moe-instruct,Phi-mini-MoE-instruct,8001,v1,0,0,0.0159805845857227,0,0.0,True,
219,phi-mini-moe-instruct,Phi-mini-MoE-instruct,8001,v1,0,0,0.0159805845857227,0,0.0,True,
220,phi-mini-moe-instruct,Phi-mini-MoE-instruct,8001,v1,0,0,0.0159805845857227,0,0.0,True,
221,phi-mini-moe-instruct,Phi-mini-MoE-instruct,8001,v1,0,0,0.0225251116965585,0,0.0,True,
222,phi-mini-moe-instruct,Phi-mini-MoE-instruct,8001,v1,0,0,0.0159805845857227,0,0.0,True,
223,phi-mini-moe-instruct,Phi-mini-MoE-instruct,8001,v1,0,0,0.0159805845857227,0,0.0,True,
224,phi-mini-moe-instruct,Phi-mini-MoE-instruct,8001,v1,0,0,0.0159805845857227,1,0.85,True,
225,phi-mini-moe-instruct,Phi-mini-MoE-instruct,8001,v1,1,1,0.6587330731181233,0,0.0,True,
226,phi-mini-moe-instruct,Phi-mini-MoE-instruct,8001,v1,0,0,0.0159805845857227,0,0.0,True,
227,phi-mini-moe-instruct,Phi-mini-MoE-instruct,8001,v1,0,0,0.0159805845857227,0,0.0,True,
228,phi-mini-moe-instruct,Phi-mini-MoE-instruct,8001,v1,0,0,0.4620712590927505,0,0.0,True,
229,phi-mini-moe-instruct,Phi-mini-MoE-instruct,8001,v1,0,0,0.0159805845857227,0,0.0,True,
230,phi-mini-moe-instruct,Phi-mini-MoE-instruct,8001,v1,0,0,0.0222205031129297,0,0.0,True,
231,phi-mini-moe-instruct,Phi-mini-MoE-instruct,8001,v1,0,0,0.0159805845857227,0,0.0,True,
232,phi-mini-moe-instruct,Phi-mini-MoE-instruct,8001,v1,0,0,0.0160833426241766,0,0.0,True,
233,phi-mini-moe-instruct,Phi-mini-MoE-instruct,8001,v1,0,0,0.0167182672329199,0,0.0,True,
234,phi-mini-moe-instruct,Phi-mini-MoE-instruct,8001,v1,0,0,0.0159805845857227,0,0.0,True,
235,phi-mini-moe-instruct,Phi-mini-MoE-instruct,8001,v1,0,0,0.0159805845857227,0,0.0,True,
236,phi-mini-moe-instruct,Phi-mini-MoE-instruct,8001,v1,0,0,0.0159805845857227,0,0.0,True,
237,phi-mini-moe-instruct,Phi-mini-MoE-instruct,8001,v1,0,0,0.0159805845857227,0,0.0,True,
238,phi-mini-moe-instruct,Phi-mini-MoE-instruct,8001,v1,0,0,0.0225251116965585,0,0.0,True,
239,phi-mini-moe-instruct,Phi-mini-MoE-instruct,8001,v1,0,0,0.0159805845857227,0,0.0,True,
240,phi-mini-moe-instruct,Phi-mini-MoE-instruct,8001,v1,1,1,0.7334446021296293,1,0.85,True,
241,phi-mini-moe-instruct,Phi-mini-MoE-instruct,8001,v1,0,0,0.0159805845857227,0,0.0,True,
242,phi-mini-moe-instruct,Phi-mini-MoE-instruct,8001,v1,0,0,0.0174482412450147,0,0.0,True,
243,phi-mini-moe-instruct,Phi-mini-MoE-instruct,8001,v1,0,0,0.0844631105450178,0,0.0,True,
244,phi-mini-moe-instruct,Phi-mini-MoE-instruct,8001,v1,0,0,0.0159805845857227,0,0.0,True,
245,phi-mini-moe-instruct,Phi-mini-MoE-instruct,8001,v1,0,0,0.0159805845857227,0,0.0,True,
246,phi-mini-moe-instruct,Phi-mini-MoE-instruct,8001,v1,0,0,0.0159805845857227,0,0.0,True,
247,phi-mini-moe-instruct,Phi-mini-MoE-instruct,8001,v1,0,0,0.0159805845857227,0,0.0,True,
248,phi-mini-moe-instruct,Phi-mini-MoE-instruct,8001,v1,0,0,0.0497403545621597,1,0.85,True,
249,phi-mini-moe-instruct,Phi-mini-MoE-instruct,8001,v1,0,0,0.0159805845857227,1,0.95,True,
250,phi-mini-moe-instruct,Phi-mini-MoE-instruct,8001,v1,0,0,0.0159805845857227,0,0.0,True,
251,phi-mini-moe-instruct,Phi-mini-MoE-instruct,8001,v1,0,0,0.0174482412450147,0,0.0,True,
252,phi-mini-moe-instruct,Phi-mini-MoE-instruct,8001,v1,0,0,0.0159805845857227,0,0.0,True,
253,phi-mini-moe-instruct,Phi-mini-MoE-instruct,8001,v1,0,0,0.0159805845857227,0,0.0,True,
254,phi-mini-moe-instruct,Phi-mini-MoE-instruct,8001,v1,0,0,0.0159805845857227,0,0.0,True,
255,phi-mini-moe-instruct,Phi-mini-MoE-instruct,8001,v1,0,0,0.0159805845857227,0,0.0,True,
256,phi-mini-moe-instruct,Phi-mini-MoE-instruct,8001,v1,0,1,0.6845945323395093,1,0.95,True,
257,phi-mini-moe-instruct,Phi-mini-MoE-instruct,8001,v1,0,0,0.1804607828168575,0,0.0,True,
258,phi-mini-moe-instruct,Phi-mini-MoE-instruct,8001,v1,0,0,0.0159805845857227,0,0.0,True,
259,phi-mini-moe-instruct,Phi-mini-MoE-instruct,8001,v1,1,1,0.6876367411791694,1,0.85,True,
260,phi-mini-moe-instruct,Phi-mini-MoE-instruct,8001,v1,0,0,0.0225251116965585,0,0.0,True,
261,phi-mini-moe-instruct,Phi-mini-MoE-instruct,8001,v1,0,0,0.0159805845857227,0,0.0,True,
262,phi-mini-moe-instruct,Phi-mini-MoE-instruct,8001,v1,0,0,0.0159805845857227,0,0.0,True,
263,phi-mini-moe-instruct,Phi-mini-MoE-instruct,8001,v1,0,0,0.0159805845857227,0,0.0,True,
264,phi-mini-moe-instruct,Phi-mini-MoE-instruct,8001,v1,0,0,0.0159805845857227,0,0.0,True,
265,phi-mini-moe-instruct,Phi-mini-MoE-instruct,8001,v1,0,0,0.0166700852494529,0,0.0,True,
266,phi-mini-moe-instruct,Phi-mini-MoE-instruct,8001,v1,0,0,0.0159805845857227,0,0.0,True,
267,phi-mini-moe-instruct,Phi-mini-MoE-instruct,8001,v1,0,0,0.6494605860042232,1,0.85,True,
268,phi-mini-moe-instruct,Phi-mini-MoE-instruct,8001,v1,0,0,0.1645105782385413,1,0.85,True,
269,phi-mini-moe-instruct,Phi-mini-MoE-instruct,8001,v1,0,0,0.0159805845857227,1,0.85,True,
270,phi-mini-moe-instruct,Phi-mini-MoE-instruct,8001,v1,0,0,0.0159805845857227,0,0.0,True,
271,phi-mini-moe-instruct,Phi-mini-MoE-instruct,8001,v1,0,0,0.0159805845857227,0,0.0,True,
272,phi-mini-moe-instruct,Phi-mini-MoE-instruct,8001,v1,0,0,0.0159805845857227,0,0.0,True,
273,phi-mini-moe-instruct,Phi-mini-MoE-instruct,8001,v1,0,1,0.7347983795786235,1,0.85,True,
274,phi-mini-moe-instruct,Phi-mini-MoE-instruct,8001,v1,0,0,0.0159805845857227,0,0.0,True,
275,phi-mini-moe-instruct,Phi-mini-MoE-instruct,8001,v1,1,0,0.4777482465299377,0,0.0,True,
276,phi-mini-moe-instruct,Phi-mini-MoE-instruct,8001,v1,0,0,0.0172170413144678,0,0.0,True,
277,phi-mini-moe-instruct,Phi-mini-MoE-instruct,8001,v1,0,0,0.0159805845857227,0,0.0,True,
278,phi-mini-moe-instruct,Phi-mini-MoE-instruct,8001,v1,0,0,0.0367968063691273,0,0.0,True,
279,phi-mini-moe-instruct,Phi-mini-MoE-instruct,8001,v1,0,0,0.0179755870369861,0,0.0,True,
280,phi-mini-moe-instruct,Phi-mini-MoE-instruct,8001,v1,0,0,0.0201253043735012,1,0.85,True,
281,phi-mini-moe-instruct,Phi-mini-MoE-instruct,8001,v1,0,0,0.0159805845857227,0,0.0,True,
282,phi-mini-moe-instruct,Phi-mini-MoE-instruct,8001,v1,0,0,0.0159805845857227,0,0.0,True,
283,phi-mini-moe-instruct,Phi-mini-MoE-instruct,8001,v1,0,0,0.0182178030424931,0,0.0,True,
284,phi-mini-moe-instruct,Phi-mini-MoE-instruct,8001,v1,0,0,0.2276174228732283,0,0.0,True,
285,phi-mini-moe-instruct,Phi-mini-MoE-instruct,8001,v1,0,0,0.0159805845857227,0,0.0,True,
286,phi-mini-moe-instruct,Phi-mini-MoE-instruct,8001,v1,0,0,0.0159805845857227,0,0.0,True,
287,phi-mini-moe-instruct,Phi-mini-MoE-instruct,8001,v1,0,0,0.0159805845857227,0,0.0,True,
288,phi-mini-moe-instruct,Phi-mini-MoE-instruct,8001,v1,0,0,0.0159805845857227,0,0.0,True,
289,phi-mini-moe-instruct,Phi-mini-MoE-instruct,8001,v1,0,0,0.0159805845857227,0,0.0,True,
290,phi-mini-moe-instruct,Phi-mini-MoE-instruct,8001,v1,0,0,0.0159805845857227,0,0.0,True,
291,phi-mini-moe-instruct,Phi-mini-MoE-instruct,8001,v1,0,0,0.0167182672329199,0,0.0,True,
292,phi-mini-moe-instruct,Phi-mini-MoE-instruct,8001,v1,0,0,0.0159805845857227,0,0.0,True,
293,phi-mini-moe-instruct,Phi-mini-MoE-instruct,8001,v1,0,0,0.0159805845857227,1,0.85,True,
294,phi-mini-moe-instruct,Phi-mini-MoE-instruct,8001,v1,0,0,0.0159805845857227,0,0.0,True,
295,phi-mini-moe-instruct,Phi-mini-MoE-instruct,8001,v1,0,1,0.6715801373353097,0,0.0,True,
296,phi-mini-moe-instruct,Phi-mini-MoE-instruct,8001,v1,0,0,0.0159805845857227,0,0.0,True,
297,phi-mini-moe-instruct,Phi-mini-MoE-instruct,8001,v1,0,0,0.0159805845857227,0,0.0,True,
298,phi-mini-moe-instruct,Phi-mini-MoE-instruct,8001,v1,1,1,0.7401236675533011,1,0.95,True,
299,phi-mini-moe-instruct,Phi-mini-MoE-instruct,8001,v1,0,0,0.0159805845857227,0,0.0,True,
300,phi-mini-moe-instruct,Phi-mini-MoE-instruct,8001,v1,0,0,0.0159805845857227,0,0.0,True,
301,phi-mini-moe-instruct,Phi-mini-MoE-instruct,8001,v1,0,0,0.0159805845857227,0,0.0,True,
302,phi-mini-moe-instruct,Phi-mini-MoE-instruct,8001,v1,0,0,0.0159805845857227,0,0.0,True,
303,phi-mini-moe-instruct,Phi-mini-MoE-instruct,8001,v1,0,0,0.0159805845857227,0,0.0,True,
304,phi-mini-moe-instruct,Phi-mini-MoE-instruct,8001,v1,0,0,0.0159805845857227,0,0.0,True,
305,phi-mini-moe-instruct,Phi-mini-MoE-instruct,8001,v1,0,0,0.0168116105309565,0,0.0,True,
306,phi-mini-moe-instruct,Phi-mini-MoE-instruct,8001,v1,0,0,0.0159805845857227,0,0.0,True,
307,phi-mini-moe-instruct,Phi-mini-MoE-instruct,8001,v1,0,0,0.0159805845857227,1,0.85,True,
308,phi-mini-moe-instruct,Phi-mini-MoE-instruct,8001,v1,0,0,0.0282658714935421,0,0.0,True,
309,phi-mini-moe-instruct,Phi-mini-MoE-instruct,8001,v1,0,0,0.0159805845857227,0,0.0,True,
310,phi-mini-moe-instruct,Phi-mini-MoE-instruct,8001,v1,0,0,0.0159805845857227,0,0.0,True,
311,phi-mini-moe-instruct,Phi-mini-MoE-instruct,8001,v1,0,0,0.0159805845857227,0,0.0,True,
312,phi-mini-moe-instruct,Phi-mini-MoE-instruct,8001,v1,0,0,0.0159805845857227,0,0.0,True,
313,phi-mini-moe-instruct,Phi-mini-MoE-instruct,8001,v1,0,0,0.0159805845857227,1,0.85,True,
314,phi-mini-moe-instruct,Phi-mini-MoE-instruct,8001,v1,0,0,0.0159805845857227,0,0.0,True,
315,phi-mini-moe-instruct,Phi-mini-MoE-instruct,8001,v1,0,0,0.0432568216450449,0,0.0,True,
316,phi-mini-moe-instruct,Phi-mini-MoE-instruct,8001,v1,0,0,0.5873404390103375,1,0.85,True,
317,phi-mini-moe-instruct,Phi-mini-MoE-instruct,8001,v1,0,1,0.6659824666471664,1,0.85,True,
318,phi-mini-moe-instruct,Phi-mini-MoE-instruct,8001,v1,0,0,0.0168116105309565,0,0.0,True,
319,phi-mini-moe-instruct,Phi-mini-MoE-instruct,8001,v1,0,0,0.0159805845857227,0,0.0,True,
320,phi-mini-moe-instruct,Phi-mini-MoE-instruct,8001,v1,0,0,0.0159805845857227,0,0.0,True,
321,phi-mini-moe-instruct,Phi-mini-MoE-instruct,8001,v1,0,0,0.0159805845857227,0,0.0,True,
322,phi-mini-moe-instruct,Phi-mini-MoE-instruct,8001,v1,0,0,0.0159805845857227,0,0.0,True,
323,phi-mini-moe-instruct,Phi-mini-MoE-instruct,8001,v1,0,0,0.0159805845857227,0,0.0,True,
324,phi-mini-moe-instruct,Phi-mini-MoE-instruct,8001,v1,0,0,0.0159805845857227,0,0.0,True,
325,phi-mini-moe-instruct,Phi-mini-MoE-instruct,8001,v1,0,0,0.0167182672329199,0,0.0,True,
326,phi-mini-moe-instruct,Phi-mini-MoE-instruct,8001,v1,0,0,0.0167182672329199,0,0.0,True,
327,phi-mini-moe-instruct,Phi-mini-MoE-instruct,8001,v1,0,0,0.0159805845857227,0,0.0,True,
328,phi-mini-moe-instruct,Phi-mini-MoE-instruct,8001,v1,0,0,0.0159805845857227,1,0.85,True,
329,phi-mini-moe-instruct,Phi-mini-MoE-instruct,8001,v1,0,0,0.0159805845857227,0,0.0,True,
330,phi-mini-moe-instruct,Phi-mini-MoE-instruct,8001,v1,0,0,0.0159805845857227,0,0.0,True,
331,phi-mini-moe-instruct,Phi-mini-MoE-instruct,8001,v1,0,0,0.0159805845857227,0,0.0,True,
332,phi-mini-moe-instruct,Phi-mini-MoE-instruct,8001,v1,0,0,0.0159805845857227,0,0.0,True,
333,phi-mini-moe-instruct,Phi-mini-MoE-instruct,8001,v1,0,0,0.0159805845857227,0,0.0,True,
334,phi-mini-moe-instruct,Phi-mini-MoE-instruct,8001,v1,1,1,0.6863783249778556,1,0.95,True,
335,phi-mini-moe-instruct,Phi-mini-MoE-instruct,8001,v1,0,0,0.0159805845857227,0,0.0,True,
336,phi-mini-moe-instruct,Phi-mini-MoE-instruct,8001,v1,0,0,0.0159805845857227,0,0.0,True,
337,phi-mini-moe-instruct,Phi-mini-MoE-instruct,8001,v1,0,0,0.061579835212706,0,0.0,True,
338,phi-mini-moe-instruct,Phi-mini-MoE-instruct,8001,v1,0,0,0.0159805845857227,0,0.0,True,
339,phi-mini-moe-instruct,Phi-mini-MoE-instruct,8001,v1,0,0,0.0159805845857227,0,0.0,True,
340,phi-mini-moe-instruct,Phi-mini-MoE-instruct,8001,v1,0,0,0.0159805845857227,0,0.0,True,
341,phi-mini-moe-instruct,Phi-mini-MoE-instruct,8001,v1,0,0,0.5491164440952359,0,0.0,True,
342,phi-mini-moe-instruct,Phi-mini-MoE-instruct,8001,v1,0,0,0.0168116105309565,0,0.0,True,
343,phi-mini-moe-instruct,Phi-mini-MoE-instruct,8001,v1,0,0,0.0159805845857227,0,0.0,True,
344,phi-mini-moe-instruct,Phi-mini-MoE-instruct,8001,v1,0,0,0.0159805845857227,0,0.0,True,
345,phi-mini-moe-instruct,Phi-mini-MoE-instruct,8001,v1,0,0,0.0159805845857227,0,0.0,True,
346,phi-mini-moe-instruct,Phi-mini-MoE-instruct,8001,v1,0,0,0.0159805845857227,0,0.0,True,
347,phi-mini-moe-instruct,Phi-mini-MoE-instruct,8001,v1,0,0,0.0159805845857227,0,0.0,True,
348,phi-mini-moe-instruct,Phi-mini-MoE-instruct,8001,v1,0,0,0.0159805845857227,0,0.0,True,
349,phi-mini-moe-instruct,Phi-mini-MoE-instruct,8001,v1,0,0,0.0159805845857227,0,0.0,True,
350,phi-mini-moe-instruct,Phi-mini-MoE-instruct,8001,v1,0,0,0.0183928774371474,0,0.0,True,
351,phi-mini-moe-instruct,Phi-mini-MoE-instruct,8001,v1,0,0,0.1950859677391556,1,0.85,True,
352,phi-mini-moe-instruct,Phi-mini-MoE-instruct,8001,v1,0,0,0.0159805845857227,0,0.0,True,
353,phi-mini-moe-instruct,Phi-mini-MoE-instruct,8001,v1,0,0,0.0159805845857227,0,0.0,True,
354,phi-mini-moe-instruct,Phi-mini-MoE-instruct,8001,v1,0,0,0.6361977981076731,1,0.85,True,
355,phi-mini-moe-instruct,Phi-mini-MoE-instruct,8001,v1,0,0,0.0159805845857227,0,0.0,True,
356,phi-mini-moe-instruct,Phi-mini-MoE-instruct,8001,v1,0,0,0.0159805845857227,0,0.0,True,
357,phi-mini-moe-instruct,Phi-mini-MoE-instruct,8001,v1,0,0,0.0159805845857227,0,0.0,True,
358,phi-mini-moe-instruct,Phi-mini-MoE-instruct,8001,v1,0,0,0.0159805845857227,0,0.0,True,
359,phi-mini-moe-instruct,Phi-mini-MoE-instruct,8001,v1,0,0,0.0159805845857227,0,0.0,True,
360,phi-mini-moe-instruct,Phi-mini-MoE-instruct,8001,v1,0,0,0.0159805845857227,0,0.0,True,
361,phi-mini-moe-instruct,Phi-mini-MoE-instruct,8001,v1,0,0,0.0159805845857227,0,0.0,True,
362,phi-mini-moe-instruct,Phi-mini-MoE-instruct,8001,v1,0,0,0.0159805845857227,0,0.0,True,
363,phi-mini-moe-instruct,Phi-mini-MoE-instruct,8001,v1,0,0,0.0159805845857227,0,0.0,True,
364,phi-mini-moe-instruct,Phi-mini-MoE-instruct,8001,v1,0,0,0.0159805845857227,0,0.0,True,
365,phi-mini-moe-instruct,Phi-mini-MoE-instruct,8001,v1,0,0,0.0159805845857227,0,0.0,True,
366,phi-mini-moe-instruct,Phi-mini-MoE-instruct,8001,v1,0,0,0.0159805845857227,0,0.0,True,
367,phi-mini-moe-instruct,Phi-mini-MoE-instruct,8001,v1,0,0,0.0179755870369861,1,0.85,True,
368,phi-mini-moe-instruct,Phi-mini-MoE-instruct,8001,v1,0,0,0.0159805845857227,0,0.0,True,
369,phi-mini-moe-instruct,Phi-mini-MoE-instruct,8001,v1,0,0,0.0159805845857227,0,0.0,True,
370,phi-mini-moe-instruct,Phi-mini-MoE-instruct,8001,v1,0,0,0.0159805845857227,0,0.0,True,
371,phi-mini-moe-instruct,Phi-mini-MoE-instruct,8001,v1,0,0,0.0159805845857227,0,0.0,True,
372,phi-mini-moe-instruct,Phi-mini-MoE-instruct,8001,v1,0,0,0.0159805845857227,0,0.0,True,
373,phi-mini-moe-instruct,Phi-mini-MoE-instruct,8001,v1,0,0,0.0159805845857227,0,0.0,True,
374,phi-mini-moe-instruct,Phi-mini-MoE-instruct,8001,v1,1,0,0.516264580717687,1,0.85,True,
375,phi-mini-moe-instruct,Phi-mini-MoE-instruct,8001,v1,0,0,0.0159805845857227,0,0.0,True,
376,phi-mini-moe-instruct,Phi-mini-MoE-instruct,8001,v1,0,0,0.0159805845857227,0,0.0,True,
377,phi-mini-moe-instruct,Phi-mini-MoE-instruct,8001,v1,0,0,0.0723659479921087,0,0.0,True,
378,phi-mini-moe-instruct,Phi-mini-MoE-instruct,8001,v1,0,0,0.0159805845857227,0,0.0,True,
379,phi-mini-moe-instruct,Phi-mini-MoE-instruct,8001,v1,0,0,0.0174482412450147,1,0.85,True,
380,phi-mini-moe-instruct,Phi-mini-MoE-instruct,8001,v1,0,0,0.0159805845857227,0,0.0,True,
381,phi-mini-moe-instruct,Phi-mini-MoE-instruct,8001,v1,0,0,0.0159805845857227,0,0.0,True,
382,phi-mini-moe-instruct,Phi-mini-MoE-instruct,8001,v1,0,0,0.0159805845857227,0,0.0,True,
383,phi-mini-moe-instruct,Phi-mini-MoE-instruct,8001,v1,0,0,0.0159805845857227,0,0.0,True,
384,phi-mini-moe-instruct,Phi-mini-MoE-instruct,8001,v1,0,0,0.0159805845857227,0,0.0,True,
385,phi-mini-moe-instruct,Phi-mini-MoE-instruct,8001,v1,0,0,0.0159805845857227,0,0.0,True,
386,phi-mini-moe-instruct,Phi-mini-MoE-instruct,8001,v1,0,0,0.0159805845857227,0,0.0,True,
387,phi-mini-moe-instruct,Phi-mini-MoE-instruct,8001,v1,0,0,0.0159805845857227,0,0.0,True,
388,phi-mini-moe-instruct,Phi-mini-MoE-instruct,8001,v1,0,0,0.0159805845857227,0,0.0,True,
389,phi-mini-moe-instruct,Phi-mini-MoE-instruct,8001,v1,0,0,0.5970541750663512,1,0.85,True,
390,phi-mini-moe-instruct,Phi-mini-MoE-instruct,8001,v1,0,0,0.0159805845857227,0,0.0,True,
391,phi-mini-moe-instruct,Phi-mini-MoE-instruct,8001,v1,0,0,0.0159805845857227,0,0.0,True,
392,phi-mini-moe-instruct,Phi-mini-MoE-instruct,8001,v1,0,0,0.0159805845857227,0,0.0,True,
393,phi-mini-moe-instruct,Phi-mini-MoE-instruct,8001,v1,0,0,0.0170561752160735,0,0.0,True,
394,phi-mini-moe-instruct,Phi-mini-MoE-instruct,8001,v1,0,0,0.0159805845857227,0,0.0,True,
395,phi-mini-moe-instruct,Phi-mini-MoE-instruct,8001,v1,0,0,0.0159805845857227,0,0.0,True,
396,phi-mini-moe-instruct,Phi-mini-MoE-instruct,8001,v1,0,0,0.0490665995651105,0,0.0,True,
397,phi-mini-moe-instruct,Phi-mini-MoE-instruct,8001,v1,0,0,0.057274899660457,1,0.85,True,
398,phi-mini-moe-instruct,Phi-mini-MoE-instruct,8001,v1,0,0,0.0159805845857227,1,0.85,True,
399,phi-mini-moe-instruct,Phi-mini-MoE-instruct,8001,v1,0,0,0.0159805845857227,0,0.0,True,
400,phi-mini-moe-instruct,Phi-mini-MoE-instruct,8001,v1,1,1,0.7094395869190091,1,0.85,True,
401,phi-mini-moe-instruct,Phi-mini-MoE-instruct,8001,v1,0,0,0.0159805845857227,0,0.0,True,
402,phi-mini-moe-instruct,Phi-mini-MoE-instruct,8001,v1,0,0,0.0198705190443376,0,0.0,True,
403,phi-mini-moe-instruct,Phi-mini-MoE-instruct,8001,v1,0,0,0.0159805845857227,0,0.0,True,
404,phi-mini-moe-instruct,Phi-mini-MoE-instruct,8001,v1,0,0,0.0159805845857227,0,0.0,True,
405,phi-mini-moe-instruct,Phi-mini-MoE-instruct,8001,v1,0,0,0.0274011967206008,0,0.0,True,
406,phi-mini-moe-instruct,Phi-mini-MoE-instruct,8001,v1,0,0,0.0159805845857227,0,0.0,True,
407,phi-mini-moe-instruct,Phi-mini-MoE-instruct,8001,v1,0,0,0.0159805845857227,0,0.0,True,
408,phi-mini-moe-instruct,Phi-mini-MoE-instruct,8001,v1,0,0,0.0159805845857227,1,0.85,True,
409,phi-mini-moe-instruct,Phi-mini-MoE-instruct,8001,v1,0,0,0.0159805845857227,0,0.0,True,
410,phi-mini-moe-instruct,Phi-mini-MoE-instruct,8001,v1,0,0,0.0159805845857227,0,0.0,True,
411,phi-mini-moe-instruct,Phi-mini-MoE-instruct,8001,v1,0,0,0.0159805845857227,0,0.0,True,
412,phi-mini-moe-instruct,Phi-mini-MoE-instruct,8001,v1,0,0,0.0159805845857227,0,0.0,True,
413,phi-mini-moe-instruct,Phi-mini-MoE-instruct,8001,v1,0,0,0.0958314160843456,0,0.0,True,
414,phi-mini-moe-instruct,Phi-mini-MoE-instruct,8001,v1,0,0,0.0357186663198717,0,0.0,True,
415,phi-mini-moe-instruct,Phi-mini-MoE-instruct,8001,v1,0,0,0.0159805845857227,0,0.0,True,
416,phi-mini-moe-instruct,Phi-mini-MoE-instruct,8001,v1,0,0,0.0175604150276227,0,0.0,True,
417,phi-mini-moe-instruct,Phi-mini-MoE-instruct,8001,v1,0,0,0.0159805845857227,0,0.0,True,
418,phi-mini-moe-instruct,Phi-mini-MoE-instruct,8001,v1,0,0,0.0159805845857227,0,0.0,True,
419,phi-mini-moe-instruct,Phi-mini-MoE-instruct,8001,v1,0,0,0.0159805845857227,0,0.0,True,
420,phi-mini-moe-instruct,Phi-mini-MoE-instruct,8001,v1,1,0,0.6028154070098836,0,0.0,True,
421,phi-mini-moe-instruct,Phi-mini-MoE-instruct,8001,v1,0,0,0.0159805845857227,0,0.0,True,
422,phi-mini-moe-instruct,Phi-mini-MoE-instruct,8001,v1,0,0,0.0159805845857227,1,0.85,True,
423,phi-mini-moe-instruct,Phi-mini-MoE-instruct,8001,v1,0,0,0.0159805845857227,0,0.0,True,
424,phi-mini-moe-instruct,Phi-mini-MoE-instruct,8001,v1,0,0,0.0159805845857227,1,0.85,True,
425,phi-mini-moe-instruct,Phi-mini-MoE-instruct,8001,v1,0,0,0.4382700401692545,1,0.75,True,
426,phi-mini-moe-instruct,Phi-mini-MoE-instruct,8001,v1,0,0,0.0159805845857227,1,0.85,True,
427,phi-mini-moe-instruct,Phi-mini-MoE-instruct,8001,v1,0,0,0.0159805845857227,0,0.0,True,
428,phi-mini-moe-instruct,Phi-mini-MoE-instruct,8001,v1,0,0,0.0159805845857227,0,0.0,True,
429,phi-mini-moe-instruct,Phi-mini-MoE-instruct,8001,v1,0,0,0.0174482412450147,0,0.0,True,
430,phi-mini-moe-instruct,Phi-mini-MoE-instruct,8001,v1,0,0,0.0159805845857227,0,0.0,True,
431,phi-mini-moe-instruct,Phi-mini-MoE-instruct,8001,v1,0,0,0.0159805845857227,0,0.0,True,
432,phi-mini-moe-instruct,Phi-mini-MoE-instruct,8001,v1,0,0,0.0201253043735012,1,0.85,True,
433,phi-mini-moe-instruct,Phi-mini-MoE-instruct,8001,v1,0,0,0.0159805845857227,1,0.85,True,
434,phi-mini-moe-instruct,Phi-mini-MoE-instruct,8001,v1,0,0,0.0179146786521187,0,0.0,True,
435,phi-mini-moe-instruct,Phi-mini-MoE-instruct,8001,v1,1,1,0.6510010923567215,0,0.0,True,
436,phi-mini-moe-instruct,Phi-mini-MoE-instruct,8001,v1,0,0,0.0167182672329199,0,0.0,True,
437,phi-mini-moe-instruct,Phi-mini-MoE-instruct,8001,v1,0,0,0.0159805845857227,0,0.0,True,
438,phi-mini-moe-instruct,Phi-mini-MoE-instruct,8001,v1,0,0,0.0159805845857227,0,0.0,True,
439,phi-mini-moe-instruct,Phi-mini-MoE-instruct,8001,v1,0,0,0.0159805845857227,0,0.0,True,
440,phi-mini-moe-instruct,Phi-mini-MoE-instruct,8001,v1,0,0,0.0170038190489558,0,0.0,True,
441,phi-mini-moe-instruct,Phi-mini-MoE-instruct,8001,v1,0,0,0.0159805845857227,0,0.0,True,
442,phi-mini-moe-instruct,Phi-mini-MoE-instruct,8001,v1,0,0,0.0159805845857227,0,0.0,True,
443,phi-mini-moe-instruct,Phi-mini-MoE-instruct,8001,v1,0,0,0.0167772013097921,0,0.0,True,
444,phi-mini-moe-instruct,Phi-mini-MoE-instruct,8001,v1,0,0,0.0159805845857227,0,0.0,True,
445,phi-mini-moe-instruct,Phi-mini-MoE-instruct,8001,v1,0,0,0.017069228988524,0,0.0,True,
446,phi-mini-moe-instruct,Phi-mini-MoE-instruct,8001,v1,0,0,0.0226864074320552,0,0.0,True,
447,phi-mini-moe-instruct,Phi-mini-MoE-instruct,8001,v1,0,0,0.0159805845857227,0,0.0,True,
448,phi-mini-moe-instruct,Phi-mini-MoE-instruct,8001,v1,0,0,0.0159805845857227,0,0.0,True,
449,phi-mini-moe-instruct,Phi-mini-MoE-instruct,8001,v1,0,0,0.0159805845857227,0,0.0,True,
450,phi-mini-moe-instruct,Phi-mini-MoE-instruct,8001,v1,0,0,0.0272535245142783,0,0.0,True,
451,phi-mini-moe-instruct,Phi-mini-MoE-instruct,8001,v1,0,0,0.0159805845857227,0,0.0,True,
452,phi-mini-moe-instruct,Phi-mini-MoE-instruct,8001,v1,0,0,0.0184556247783843,0,0.0,True,
453,phi-mini-moe-instruct,Phi-mini-MoE-instruct,8001,v1,0,0,0.0159805845857227,0,0.0,True,
454,phi-mini-moe-instruct,Phi-mini-MoE-instruct,8001,v1,0,0,0.0159805845857227,0,0.0,True,
455,phi-mini-moe-instruct,Phi-mini-MoE-instruct,8001,v1,0,0,0.0159805845857227,0,0.0,True,
456,phi-mini-moe-instruct,Phi-mini-MoE-instruct,8001,v1,0,0,0.017692282704642,0,0.0,True,
457,phi-mini-moe-instruct,Phi-mini-MoE-instruct,8001,v1,0,0,0.0391000134805925,0,0.0,True,
458,phi-mini-moe-instruct,Phi-mini-MoE-instruct,8001,v1,0,0,0.0159805845857227,0,0.0,True,
459,phi-mini-moe-instruct,Phi-mini-MoE-instruct,8001,v1,0,0,0.0187820860472387,0,0.0,True,
460,phi-mini-moe-instruct,Phi-mini-MoE-instruct,8001,v1,0,0,0.0159805845857227,0,0.0,True,
461,phi-mini-moe-instruct,Phi-mini-MoE-instruct,8001,v1,0,0,0.0159805845857227,0,0.0,True,
462,phi-mini-moe-instruct,Phi-mini-MoE-instruct,8001,v1,0,0,0.0159805845857227,0,0.0,True,
463,phi-mini-moe-instruct,Phi-mini-MoE-instruct,8001,v1,0,0,0.0179755870369861,1,0.75,True,
464,phi-mini-moe-instruct,Phi-mini-MoE-instruct,8001,v1,0,0,0.0159805845857227,0,0.0,True,
465,phi-mini-moe-instruct,Phi-mini-MoE-instruct,8001,v1,0,0,0.0159805845857227,0,0.0,True,
466,phi-mini-moe-instruct,Phi-mini-MoE-instruct,8001,v1,0,0,0.0159805845857227,0,0.0,True,
467,phi-mini-moe-instruct,Phi-mini-MoE-instruct,8001,v1,0,0,0.0159805845857227,0,0.0,True,
468,phi-mini-moe-instruct,Phi-mini-MoE-instruct,8001,v1,0,0,0.0174482412450147,0,0.0,True,
469,phi-mini-moe-instruct,Phi-mini-MoE-instruct,8001,v1,0,0,0.0159805845857227,0,0.0,True,
470,phi-mini-moe-instruct,Phi-mini-MoE-instruct,8001,v1,0,0,0.0159805845857227,0,0.0,True,
471,phi-mini-moe-instruct,Phi-mini-MoE-instruct,8001,v1,0,0,0.0179755870369861,0,0.0,True,
472,phi-mini-moe-instruct,Phi-mini-MoE-instruct,8001,v1,0,0,0.0159805845857227,0,0.0,True,
473,phi-mini-moe-instruct,Phi-mini-MoE-instruct,8001,v1,0,0,0.0159805845857227,0,0.0,True,
474,phi-mini-moe-instruct,Phi-mini-MoE-instruct,8001,v1,0,0,0.0159805845857227,0,0.0,True,
475,phi-mini-moe-instruct,Phi-mini-MoE-instruct,8001,v1,0,0,0.0159805845857227,0,0.0,True,
476,phi-mini-moe-instruct,Phi-mini-MoE-instruct,8001,v1,0,0,0.0159805845857227,0,0.0,True,
477,phi-mini-moe-instruct,Phi-mini-MoE-instruct,8001,v1,0,0,0.0159805845857227,1,0.85,True,
478,phi-mini-moe-instruct,Phi-mini-MoE-instruct,8001,v1,0,0,0.0159805845857227,0,0.0,True,
479,phi-mini-moe-instruct,Phi-mini-MoE-instruct,8001,v1,0,0,0.0159805845857227,0,0.0,True,
480,phi-mini-moe-instruct,Phi-mini-MoE-instruct,8001,v1,0,0,0.0159805845857227,0,0.0,True,
481,phi-mini-moe-instruct,Phi-mini-MoE-instruct,8001,v1,0,0,0.0159805845857227,0,0.0,True,
482,phi-mini-moe-instruct,Phi-mini-MoE-instruct,8001,v1,1,0,0.6117646495146047,1,0.85,True,
483,phi-mini-moe-instruct,Phi-mini-MoE-instruct,8001,v1,0,0,0.0159805845857227,0,0.0,True,
484,phi-mini-moe-instruct,Phi-mini-MoE-instruct,8001,v1,0,0,0.0159805845857227,0,0.0,True,
485,phi-mini-moe-instruct,Phi-mini-MoE-instruct,8001,v1,0,0,0.0159805845857227,0,0.0,True,
486,phi-mini-moe-instruct,Phi-mini-MoE-instruct,8001,v1,0,0,0.0159805845857227,0,0.0,True,
487,phi-mini-moe-instruct,Phi-mini-MoE-instruct,8001,v1,0,0,0.0159805845857227,0,0.0,True,
488,phi-mini-moe-instruct,Phi-mini-MoE-instruct,8001,v1,0,0,0.0159805845857227,0,0.0,True,
489,phi-mini-moe-instruct,Phi-mini-MoE-instruct,8001,v1,0,0,0.0174673011842364,0,0.0,True,
490,phi-mini-moe-instruct,Phi-mini-MoE-instruct,8001,v1,0,0,0.0159805845857227,0,0.0,True,
491,phi-mini-moe-instruct,Phi-mini-MoE-instruct,8001,v1,0,0,0.0159805845857227,0,0.0,True,
492,phi-mini-moe-instruct,Phi-mini-MoE-instruct,8001,v1,0,0,0.0159805845857227,0,0.0,True,
493,phi-mini-moe-instruct,Phi-mini-MoE-instruct,8001,v1,0,0,0.0159805845857227,0,0.0,True,
494,phi-mini-moe-instruct,Phi-mini-MoE-instruct,8001,v1,0,0,0.0159805845857227,0,0.0,True,
495,phi-mini-moe-instruct,Phi-mini-MoE-instruct,8001,v1,0,0,0.0159805845857227,0,0.0,True,
496,phi-mini-moe-instruct,Phi-mini-MoE-instruct,8001,v1,0,0,0.0159805845857227,0,0.0,True,
497,phi-mini-moe-instruct,Phi-mini-MoE-instruct,8001,v1,0,0,0.0159805845857227,0,0.0,True,
498,phi-mini-moe-instruct,Phi-mini-MoE-instruct,8001,v1,0,0,0.0225905630729409,0,0.0,True,
499,phi-mini-moe-instruct,Phi-mini-MoE-instruct,8001,v1,0,0,0.0159805845857227,0,0.0,True,
500,phi-mini-moe-instruct,Phi-mini-MoE-instruct,8001,v1,0,0,0.0168116105309565,0,0.0,True,
501,phi-mini-moe-instruct,Phi-mini-MoE-instruct,8001,v1,0,0,0.0243962387919801,0,0.0,True,
502,phi-mini-moe-instruct,Phi-mini-MoE-instruct,8001,v1,0,0,0.0159805845857227,0,0.0,True,
503,phi-mini-moe-instruct,Phi-mini-MoE-instruct,8001,v1,0,0,0.0166848728081544,0,0.0,True,
504,phi-mini-moe-instruct,Phi-mini-MoE-instruct,8001,v1,0,0,0.0220794140657599,0,0.0,True,
505,phi-mini-moe-instruct,Phi-mini-MoE-instruct,8001,v1,0,0,0.0159805845857227,0,0.0,True,
506,phi-mini-moe-instruct,Phi-mini-MoE-instruct,8001,v1,0,0,0.0159805845857227,0,0.0,True,
507,phi-mini-moe-instruct,Phi-mini-MoE-instruct,8001,v1,0,0,0.0159805845857227,0,0.0,True,
508,phi-mini-moe-instruct,Phi-mini-MoE-instruct,8001,v1,0,0,0.0159805845857227,0,0.0,True,
509,phi-mini-moe-instruct,Phi-mini-MoE-instruct,8001,v1,0,0,0.0159805845857227,0,0.0,True,
510,phi-mini-moe-instruct,Phi-mini-MoE-instruct,8001,v1,0,0,0.0159805845857227,0,0.0,True,
511,phi-mini-moe-instruct,Phi-mini-MoE-instruct,8001,v1,0,0,0.0159805845857227,0,0.0,True,
512,phi-mini-moe-instruct,Phi-mini-MoE-instruct,8001,v1,0,0,0.0159805845857227,0,0.0,True,
513,phi-mini-moe-instruct,Phi-mini-MoE-instruct,8001,v1,1,0,0.6175042282307909,1,0.85,True,
514,phi-mini-moe-instruct,Phi-mini-MoE-instruct,8001,v1,0,0,0.0159805845857227,0,0.0,True,
515,phi-mini-moe-instruct,Phi-mini-MoE-instruct,8001,v1,0,0,0.0159805845857227,0,0.0,True,
516,phi-mini-moe-instruct,Phi-mini-MoE-instruct,8001,v1,0,0,0.0159805845857227,0,0.0,True,
517,phi-mini-moe-instruct,Phi-mini-MoE-instruct,8001,v1,0,0,0.0159805845857227,0,0.0,True,
518,phi-mini-moe-instruct,Phi-mini-MoE-instruct,8001,v1,0,0,0.0159805845857227,0,0.0,True,
519,phi-mini-moe-instruct,Phi-mini-MoE-instruct,8001,v1,1,1,0.6715801373353097,0,0.0,True,
520,phi-mini-moe-instruct,Phi-mini-MoE-instruct,8001,v1,0,0,0.0159805845857227,0,0.0,True,
521,phi-mini-moe-instruct,Phi-mini-MoE-instruct,8001,v1,0,0,0.0159805845857227,0,0.0,True,
522,phi-mini-moe-instruct,Phi-mini-MoE-instruct,8001,v1,0,0,0.0159805845857227,0,0.0,True,
523,phi-mini-moe-instruct,Phi-mini-MoE-instruct,8001,v1,0,0,0.0167182672329199,0,0.0,True,
524,phi-mini-moe-instruct,Phi-mini-MoE-instruct,8001,v1,0,0,0.0159805845857227,0,0.0,True,
525,phi-mini-moe-instruct,Phi-mini-MoE-instruct,8001,v1,0,0,0.0159805845857227,0,0.0,True,
526,phi-mini-moe-instruct,Phi-mini-MoE-instruct,8001,v1,0,0,0.0159805845857227,0,0.0,True,
527,phi-mini-moe-instruct,Phi-mini-MoE-instruct,8001,v1,0,0,0.0159805845857227,0,0.0,True,
528,phi-mini-moe-instruct,Phi-mini-MoE-instruct,8001,v1,0,0,0.0159805845857227,0,0.0,True,
529,phi-mini-moe-instruct,Phi-mini-MoE-instruct,8001,v1,0,0,0.0159805845857227,0,0.0,True,
530,phi-mini-moe-instruct,Phi-mini-MoE-instruct,8001,v1,0,0,0.0159805845857227,0,0.0,True,
531,phi-mini-moe-instruct,Phi-mini-MoE-instruct,8001,v1,0,0,0.0159805845857227,0,0.0,True,
532,phi-mini-moe-instruct,Phi-mini-MoE-instruct,8001,v1,0,0,0.2293438939946677,0,0.0,True,
533,phi-mini-moe-instruct,Phi-mini-MoE-instruct,8001,v1,0,0,0.0197754926741587,0,0.0,True,
534,phi-mini-moe-instruct,Phi-mini-MoE-instruct,8001,v1,0,0,0.0159805845857227,1,0.85,True,
535,phi-mini-moe-instruct,Phi-mini-MoE-instruct,8001,v1,0,0,0.0159805845857227,0,0.0,True,
536,phi-mini-moe-instruct,Phi-mini-MoE-instruct,8001,v1,0,0,0.0159805845857227,0,0.0,True,
537,phi-mini-moe-instruct,Phi-mini-MoE-instruct,8001,v1,0,0,0.0218695196149807,1,0.95,True,
538,phi-mini-moe-instruct,Phi-mini-MoE-instruct,8001,v1,0,0,0.0174673011842364,0,0.0,True,
539,phi-mini-moe-instruct,Phi-mini-MoE-instruct,8001,v1,0,0,0.0159805845857227,0,0.0,True,
540,phi-mini-moe-instruct,Phi-mini-MoE-instruct,8001,v1,0,0,0.0159805845857227,0,0.0,True,
541,phi-mini-moe-instruct,Phi-mini-MoE-instruct,8001,v1,0,0,0.0159805845857227,0,0.0,True,
542,phi-mini-moe-instruct,Phi-mini-MoE-instruct,8001,v1,0,0,0.0188466507919944,0,0.0,True,
543,phi-mini-moe-instruct,Phi-mini-MoE-instruct,8001,v1,0,0,0.0541294126579063,0,0.0,True,
544,phi-mini-moe-instruct,Phi-mini-MoE-instruct,8001,v1,0,0,0.0159805845857227,0,0.0,True,
545,phi-mini-moe-instruct,Phi-mini-MoE-instruct,8001,v1,0,0,0.0159805845857227,1,0.85,True,
546,phi-mini-moe-instruct,Phi-mini-MoE-instruct,8001,v1,0,0,0.0159805845857227,0,0.0,True,
547,phi-mini-moe-instruct,Phi-mini-MoE-instruct,8001,v1,0,0,0.0172984789509638,0,0.0,True,
548,phi-mini-moe-instruct,Phi-mini-MoE-instruct,8001,v1,0,0,0.0159805845857227,0,0.0,True,
549,phi-mini-moe-instruct,Phi-mini-MoE-instruct,8001,v1,0,0,0.0159805845857227,0,0.0,True,
550,phi-mini-moe-instruct,Phi-mini-MoE-instruct,8001,v1,0,0,0.0159805845857227,0,0.0,True,
551,phi-mini-moe-instruct,Phi-mini-MoE-instruct,8001,v1,0,0,0.0159805845857227,0,0.0,True,
552,phi-mini-moe-instruct,Phi-mini-MoE-instruct,8001,v1,0,0,0.2730376620504506,0,0.0,True,
553,phi-mini-moe-instruct,Phi-mini-MoE-instruct,8001,v1,0,0,0.0174482412450147,0,0.0,True,
554,phi-mini-moe-instruct,Phi-mini-MoE-instruct,8001,v1,0,0,0.0288772539458148,0,0.0,True,
555,phi-mini-moe-instruct,Phi-mini-MoE-instruct,8001,v1,0,0,0.0159805845857227,0,0.0,True,
556,phi-mini-moe-instruct,Phi-mini-MoE-instruct,8001,v1,0,0,0.0159805845857227,0,0.0,True,
557,phi-mini-moe-instruct,Phi-mini-MoE-instruct,8001,v1,0,0,0.0179755870369861,1,0.85,True,
558,phi-mini-moe-instruct,Phi-mini-MoE-instruct,8001,v1,0,0,0.0159805845857227,0,0.0,True,
559,phi-mini-moe-instruct,Phi-mini-MoE-instruct,8001,v1,0,0,0.0182604242510435,1,0.85,True,
560,phi-mini-moe-instruct,Phi-mini-MoE-instruct,8001,v1,0,0,0.0159805845857227,0,0.0,True,
561,phi-mini-moe-instruct,Phi-mini-MoE-instruct,8001,v1,0,0,0.0159805845857227,0,0.0,True,
562,phi-mini-moe-instruct,Phi-mini-MoE-instruct,8001,v1,0,0,0.0159805845857227,0,0.0,True,
563,phi-mini-moe-instruct,Phi-mini-MoE-instruct,8001,v1,0,0,0.0159805845857227,1,0.85,True,
564,phi-mini-moe-instruct,Phi-mini-MoE-instruct,8001,v1,0,0,0.0159805845857227,0,0.0,True,
565,phi-mini-moe-instruct,Phi-mini-MoE-instruct,8001,v1,0,0,0.0159805845857227,1,0.85,True,
566,phi-mini-moe-instruct,Phi-mini-MoE-instruct,8001,v1,0,0,0.0159805845857227,0,0.0,True,
567,phi-mini-moe-instruct,Phi-mini-MoE-instruct,8001,v1,0,0,0.0159805845857227,0,0.0,True,
568,phi-mini-moe-instruct,Phi-mini-MoE-instruct,8001,v1,0,0,0.0169197266528032,0,0.0,True,
569,phi-mini-moe-instruct,Phi-mini-MoE-instruct,8001,v1,0,0,0.0159805845857227,0,0.0,True,
570,phi-mini-moe-instruct,Phi-mini-MoE-instruct,8001,v1,0,0,0.5768344893286493,0,0.0,True,
571,phi-mini-moe-instruct,Phi-mini-MoE-instruct,8001,v1,0,0,0.0159805845857227,1,0.85,True,
572,phi-mini-moe-instruct,Phi-mini-MoE-instruct,8001,v1,0,0,0.0356739028285625,1,0.85,True,
573,phi-mini-moe-instruct,Phi-mini-MoE-instruct,8001,v1,0,0,0.0159805845857227,0,0.0,True,
574,phi-mini-moe-instruct,Phi-mini-MoE-instruct,8001,v1,0,0,0.0159805845857227,0,0.0,True,
575,phi-mini-moe-instruct,Phi-mini-MoE-instruct,8001,v1,0,0,0.0159805845857227,0,0.0,True,
576,phi-mini-moe-instruct,Phi-mini-MoE-instruct,8001,v1,0,0,0.0159805845857227,0,0.0,True,
577,phi-mini-moe-instruct,Phi-mini-MoE-instruct,8001,v1,0,0,0.0167182672329199,0,0.0,True,
578,phi-mini-moe-instruct,Phi-mini-MoE-instruct,8001,v1,0,0,0.0159805845857227,0,0.0,True,
579,phi-mini-moe-instruct,Phi-mini-MoE-instruct,8001,v1,0,0,0.0159805845857227,0,0.0,True,
580,phi-mini-moe-instruct,Phi-mini-MoE-instruct,8001,v1,0,0,0.019587983768214,0,0.0,True,
581,phi-mini-moe-instruct,Phi-mini-MoE-instruct,8001,v1,1,1,0.7401236675533011,1,0.85,True,
582,phi-mini-moe-instruct,Phi-mini-MoE-instruct,8001,v1,0,0,0.0159805845857227,0,0.0,True,
583,phi-mini-moe-instruct,Phi-mini-MoE-instruct,8001,v1,0,0,0.0159805845857227,0,0.0,True,
584,phi-mini-moe-instruct,Phi-mini-MoE-instruct,8001,v1,0,0,0.0159805845857227,0,0.0,True,
585,phi-mini-moe-instruct,Phi-mini-MoE-instruct,8001,v1,0,0,0.0159805845857227,0,0.0,True,
586,phi-mini-moe-instruct,Phi-mini-MoE-instruct,8001,v1,0,0,0.0159805845857227,0,0.0,True,
587,phi-mini-moe-instruct,Phi-mini-MoE-instruct,8001,v1,0,0,0.2292375811058742,0,0.0,True,
588,phi-mini-moe-instruct,Phi-mini-MoE-instruct,8001,v1,0,0,0.0159805845857227,0,0.0,True,
589,phi-mini-moe-instruct,Phi-mini-MoE-instruct,8001,v1,0,0,0.0159805845857227,0,0.0,True,
590,phi-mini-moe-instruct,Phi-mini-MoE-instruct,8001,v1,0,0,0.0159805845857227,0,0.0,True,
591,phi-mini-moe-instruct,Phi-mini-MoE-instruct,8001,v1,0,0,0.0701618945725893,0,0.0,True,
592,phi-mini-moe-instruct,Phi-mini-MoE-instruct,8001,v1,0,0,0.0172170413144678,0,0.0,True,
593,phi-mini-moe-instruct,Phi-mini-MoE-instruct,8001,v1,0,0,0.0159805845857227,0,0.0,True,
594,phi-mini-moe-instruct,Phi-mini-MoE-instruct,8001,v1,0,0,0.0159805845857227,0,0.0,True,
595,phi-mini-moe-instruct,Phi-mini-MoE-instruct,8001,v1,0,0,0.0159805845857227,0,0.0,True,
596,phi-mini-moe-instruct,Phi-mini-MoE-instruct,8001,v1,0,0,0.0159805845857227,0,0.0,True,
597,phi-mini-moe-instruct,Phi-mini-MoE-instruct,8001,v1,0,0,0.0456818757188544,0,0.0,True,
598,phi-mini-moe-instruct,Phi-mini-MoE-instruct,8001,v1,0,0,0.0159805845857227,0,0.0,True,
599,phi-mini-moe-instruct,Phi-mini-MoE-instruct,8001,v1,0,0,0.0159805845857227,0,0.0,True,
600,phi-mini-moe-instruct,Phi-mini-MoE-instruct,8001,v1,1,0,0.2572380545407983,0,0.0,True,
601,phi-mini-moe-instruct,Phi-mini-MoE-instruct,8001,v1,0,0,0.0159805845857227,0,0.0,True,
602,phi-mini-moe-instruct,Phi-mini-MoE-instruct,8001,v1,0,0,0.0159805845857227,0,0.0,True,
603,phi-mini-moe-instruct,Phi-mini-MoE-instruct,8001,v1,0,0,0.0159805845857227,0,0.0,True,
604,phi-mini-moe-instruct,Phi-mini-MoE-instruct,8001,v1,0,0,0.0159805845857227,0,0.0,True,
605,phi-mini-moe-instruct,Phi-mini-MoE-instruct,8001,v1,0,0,0.0159805845857227,0,0.0,True,
606,phi-mini-moe-instruct,Phi-mini-MoE-instruct,8001,v1,0,0,0.2837346340679025,0,0.0,True,
607,phi-mini-moe-instruct,Phi-mini-MoE-instruct,8001,v1,0,0,0.103250890730175,0,0.0,True,
608,phi-mini-moe-instruct,Phi-mini-MoE-instruct,8001,v1,0,0,0.2164539243929105,0,0.0,True,
609,phi-mini-moe-instruct,Phi-mini-MoE-instruct,8001,v1,0,0,0.0159805845857227,0,0.0,True,
610,phi-mini-moe-instruct,Phi-mini-MoE-instruct,8001,v1,0,0,0.0159805845857227,0,0.0,True,
611,phi-mini-moe-instruct,Phi-mini-MoE-instruct,8001,v1,0,0,0.0265835313578907,0,0.0,True,
612,phi-mini-moe-instruct,Phi-mini-MoE-instruct,8001,v1,0,0,0.0159805845857227,0,0.0,True,
613,phi-mini-moe-instruct,Phi-mini-MoE-instruct,8001,v1,0,0,0.0641841761534818,0,0.0,True,
614,phi-mini-moe-instruct,Phi-mini-MoE-instruct,8001,v1,0,0,0.0159805845857227,0,0.0,True,
615,phi-mini-moe-instruct,Phi-mini-MoE-instruct,8001,v1,0,0,0.0159805845857227,0,0.0,True,
616,phi-mini-moe-instruct,Phi-mini-MoE-instruct,8001,v1,0,0,0.0159805845857227,0,0.0,True,
617,phi-mini-moe-instruct,Phi-mini-MoE-instruct,8001,v1,0,0,0.0159805845857227,0,0.0,True,
618,phi-mini-moe-instruct,Phi-mini-MoE-instruct,8001,v1,0,0,0.0159805845857227,0,0.0,True,
619,phi-mini-moe-instruct,Phi-mini-MoE-instruct,8001,v1,0,0,0.0169975874187063,0,0.0,True,
620,phi-mini-moe-instruct,Phi-mini-MoE-instruct,8001,v1,0,0,0.0159805845857227,0,0.0,True,
621,phi-mini-moe-instruct,Phi-mini-MoE-instruct,8001,v1,0,0,0.0159805845857227,0,0.0,True,
622,phi-mini-moe-instruct,Phi-mini-MoE-instruct,8001,v1,0,0,0.1044243635634442,0,0.0,True,
623,phi-mini-moe-instruct,Phi-mini-MoE-instruct,8001,v1,0,0,0.0159805845857227,0,0.0,True,
624,phi-mini-moe-instruct,Phi-mini-MoE-instruct,8001,v1,1,1,0.7288456707920274,1,0.95,True,
625,phi-mini-moe-instruct,Phi-mini-MoE-instruct,8001,v1,0,0,0.0159805845857227,0,0.0,True,
626,phi-mini-moe-instruct,Phi-mini-MoE-instruct,8001,v1,0,0,0.0159805845857227,0,0.0,True,
627,phi-mini-moe-instruct,Phi-mini-MoE-instruct,8001,v1,0,0,0.0159805845857227,1,0.95,True,
628,phi-mini-moe-instruct,Phi-mini-MoE-instruct,8001,v1,0,0,0.0172170413144678,1,0.85,True,
629,phi-mini-moe-instruct,Phi-mini-MoE-instruct,8001,v1,0,0,0.0159805845857227,0,0.0,True,
630,phi-mini-moe-instruct,Phi-mini-MoE-instruct,8001,v1,0,0,0.0159805845857227,0,0.0,True,
631,phi-mini-moe-instruct,Phi-mini-MoE-instruct,8001,v1,0,0,0.2392003223245697,0,0.0,True,
632,phi-mini-moe-instruct,Phi-mini-MoE-instruct,8001,v1,0,0,0.1962055584929086,0,0.0,True,
633,phi-mini-moe-instruct,Phi-mini-MoE-instruct,8001,v1,0,0,0.0159805845857227,0,0.0,True,
634,phi-mini-moe-instruct,Phi-mini-MoE-instruct,8001,v1,0,0,0.0159805845857227,0,0.0,True,
635,phi-mini-moe-instruct,Phi-mini-MoE-instruct,8001,v1,0,0,0.0159805845857227,0,0.0,True,
636,phi-mini-moe-instruct,Phi-mini-MoE-instruct,8001,v1,1,1,0.7334446021296293,1,0.85,True,
637,phi-mini-moe-instruct,Phi-mini-MoE-instruct,8001,v1,0,0,0.0159805845857227,0,0.0,True,
638,phi-mini-moe-instruct,Phi-mini-MoE-instruct,8001,v1,0,0,0.0328957274623902,0,0.0,True,
639,phi-mini-moe-instruct,Phi-mini-MoE-instruct,8001,v1,0,0,0.0159805845857227,0,0.0,True,
640,phi-mini-moe-instruct,Phi-mini-MoE-instruct,8001,v1,0,0,0.0184556247783843,0,0.0,True,
641,phi-mini-moe-instruct,Phi-mini-MoE-instruct,8001,v1,0,0,0.0159805845857227,0,0.0,True,
642,phi-mini-moe-instruct,Phi-mini-MoE-instruct,8001,v1,0,0,0.0159805845857227,0,0.0,True,
643,phi-mini-moe-instruct,Phi-mini-MoE-instruct,8001,v1,0,0,0.0159805845857227,0,0.0,True,
644,phi-mini-moe-instruct,Phi-mini-MoE-instruct,8001,v1,0,0,0.0159805845857227,0,0.0,True,
645,phi-mini-moe-instruct,Phi-mini-MoE-instruct,8001,v1,0,0,0.0159805845857227,0,0.0,True,
646,phi-mini-moe-instruct,Phi-mini-MoE-instruct,8001,v1,0,0,0.0159805845857227,0,0.0,True,
647,phi-mini-moe-instruct,Phi-mini-MoE-instruct,8001,v1,0,0,0.0159805845857227,1,0.85,True,
648,phi-mini-moe-instruct,Phi-mini-MoE-instruct,8001,v1,0,0,0.020226548972622,0,0.0,True,
649,phi-mini-moe-instruct,Phi-mini-MoE-instruct,8001,v1,0,0,0.0159805845857227,0,0.0,True,
650,phi-mini-moe-instruct,Phi-mini-MoE-instruct,8001,v1,0,0,0.0159805845857227,0,0.0,True,
651,phi-mini-moe-instruct,Phi-mini-MoE-instruct,8001,v1,0,0,0.0159805845857227,1,0.95,True,
652,phi-mini-moe-instruct,Phi-mini-MoE-instruct,8001,v1,0,0,0.0159805845857227,0,0.0,True,
653,phi-mini-moe-instruct,Phi-mini-MoE-instruct,8001,v1,0,0,0.0159805845857227,0,0.0,True,
654,phi-mini-moe-instruct,Phi-mini-MoE-instruct,8001,v1,0,0,0.0159805845857227,0,0.0,True,
655,phi-mini-moe-instruct,Phi-mini-MoE-instruct,8001,v1,0,0,0.0159805845857227,0,0.0,True,
656,phi-mini-moe-instruct,Phi-mini-MoE-instruct,8001,v1,0,0,0.0221337217104476,0,0.0,True,
657,phi-mini-moe-instruct,Phi-mini-MoE-instruct,8001,v1,0,0,0.0159805845857227,0,0.0,True,
658,phi-mini-moe-instruct,Phi-mini-MoE-instruct,8001,v1,0,0,0.0179755870369861,0,0.0,True,
659,phi-mini-moe-instruct,Phi-mini-MoE-instruct,8001,v1,0,0,0.0159805845857227,0,0.0,True,
660,phi-mini-moe-instruct,Phi-mini-MoE-instruct,8001,v1,0,0,0.0159805845857227,1,0.95,True,
661,phi-mini-moe-instruct,Phi-mini-MoE-instruct,8001,v1,0,0,0.0159805845857227,0,0.0,True,
662,phi-mini-moe-instruct,Phi-mini-MoE-instruct,8001,v1,0,0,0.026516998049831,0,0.0,True,
663,phi-mini-moe-instruct,Phi-mini-MoE-instruct,8001,v1,0,0,0.0159805845857227,0,0.0,True,
664,phi-mini-moe-instruct,Phi-mini-MoE-instruct,8001,v1,0,0,0.0193786678513221,1,0.85,True,
665,phi-mini-moe-instruct,Phi-mini-MoE-instruct,8001,v1,0,0,0.0159805845857227,0,0.0,True,
666,phi-mini-moe-instruct,Phi-mini-MoE-instruct,8001,v1,0,0,0.0159805845857227,0,0.0,True,
667,phi-mini-moe-instruct,Phi-mini-MoE-instruct,8001,v1,0,0,0.0159805845857227,0,0.0,True,
668,phi-mini-moe-instruct,Phi-mini-MoE-instruct,8001,v1,0,0,0.0159805845857227,0,0.0,True,
669,phi-mini-moe-instruct,Phi-mini-MoE-instruct,8001,v1,0,0,0.0159805845857227,1,0.95,True,
670,phi-mini-moe-instruct,Phi-mini-MoE-instruct,8001,v1,0,0,0.0159805845857227,0,0.0,True,
671,phi-mini-moe-instruct,Phi-mini-MoE-instruct,8001,v1,0,1,0.7401236675533011,1,0.85,True,
672,phi-mini-moe-instruct,Phi-mini-MoE-instruct,8001,v1,0,0,0.0159805845857227,0,0.0,True,
673,phi-mini-moe-instruct,Phi-mini-MoE-instruct,8001,v1,0,0,0.0159805845857227,1,0.85,True,
674,phi-mini-moe-instruct,Phi-mini-MoE-instruct,8001,v1,0,0,0.0494688232083567,0,0.0,True,
675,phi-mini-moe-instruct,Phi-mini-MoE-instruct,8001,v1,0,0,0.0159805845857227,0,0.0,True,
676,phi-mini-moe-instruct,Phi-mini-MoE-instruct,8001,v1,0,0,0.0159805845857227,0,0.0,True,
677,phi-mini-moe-instruct,Phi-mini-MoE-instruct,8001,v1,0,0,0.0167182672329199,0,0.0,True,
678,phi-mini-moe-instruct,Phi-mini-MoE-instruct,8001,v1,0,0,0.0159805845857227,0,0.0,True,
679,phi-mini-moe-instruct,Phi-mini-MoE-instruct,8001,v1,0,0,0.0159805845857227,0,0.0,True,
680,phi-mini-moe-instruct,Phi-mini-MoE-instruct,8001,v1,0,0,0.0159805845857227,0,0.0,True,
681,phi-mini-moe-instruct,Phi-mini-MoE-instruct,8001,v1,0,0,0.0159805845857227,0,0.0,True,
682,phi-mini-moe-instruct,Phi-mini-MoE-instruct,8001,v1,0,0,0.0159805845857227,0,0.0,True,
683,phi-mini-moe-instruct,Phi-mini-MoE-instruct,8001,v1,1,1,0.7322027875656737,1,0.95,True,
684,phi-mini-moe-instruct,Phi-mini-MoE-instruct,8001,v1,0,0,0.0159805845857227,0,0.0,True,
685,phi-mini-moe-instruct,Phi-mini-MoE-instruct,8001,v1,0,0,0.0159805845857227,0,0.0,True,
686,phi-mini-moe-instruct,Phi-mini-MoE-instruct,8001,v1,0,0,0.2817258342914513,0,0.0,True,
687,phi-mini-moe-instruct,Phi-mini-MoE-instruct,8001,v1,0,0,0.0167303721577224,0,0.0,True,
688,phi-mini-moe-instruct,Phi-mini-MoE-instruct,8001,v1,0,0,0.0159805845857227,0,0.0,True,
689,phi-mini-moe-instruct,Phi-mini-MoE-instruct,8001,v1,0,0,0.0159805845857227,0,0.0,True,
690,phi-mini-moe-instruct,Phi-mini-MoE-instruct,8001,v1,0,0,0.0159805845857227,0,0.0,True,
691,phi-mini-moe-instruct,Phi-mini-MoE-instruct,8001,v1,0,0,0.0159805845857227,0,0.0,True,
692,phi-mini-moe-instruct,Phi-mini-MoE-instruct,8001,v1,0,0,0.0159805845857227,0,0.0,True,
693,phi-mini-moe-instruct,Phi-mini-MoE-instruct,8001,v1,0,0,0.0159805845857227,0,0.0,True,
694,phi-mini-moe-instruct,Phi-mini-MoE-instruct,8001,v1,0,0,0.0159805845857227,0,0.0,True,
695,phi-mini-moe-instruct,Phi-mini-MoE-instruct,8001,v1,0,0,0.0159805845857227,0,0.0,True,
696,phi-mini-moe-instruct,Phi-mini-MoE-instruct,8001,v1,0,1,0.6575074641813806,1,0.95,True,
697,phi-mini-moe-instruct,Phi-mini-MoE-instruct,8001,v1,0,1,0.7401236675533011,1,0.95,True,
698,phi-mini-moe-instruct,Phi-mini-MoE-instruct,8001,v1,0,0,0.0164764362031222,0,0.0,True,
699,phi-mini-moe-instruct,Phi-mini-MoE-instruct,8001,v1,0,0,0.0159805845857227,0,0.0,True,
700,phi-mini-moe-instruct,Phi-mini-MoE-instruct,8001,v1,0,0,0.0178257543653875,0,0.0,True,
701,phi-mini-moe-instruct,Phi-mini-MoE-instruct,8001,v1,0,0,0.0159805845857227,0,0.0,True,
702,phi-mini-moe-instruct,Phi-mini-MoE-instruct,8001,v1,0,0,0.0295937165618482,1,0.85,True,
703,phi-mini-moe-instruct,Phi-mini-MoE-instruct,8001,v1,0,0,0.5982593868127549,0,0.0,True,
704,phi-mini-moe-instruct,Phi-mini-MoE-instruct,8001,v1,0,0,0.0159805845857227,0,0.0,True,
705,phi-mini-moe-instruct,Phi-mini-MoE-instruct,8001,v1,0,0,0.0159805845857227,0,0.0,True,
706,phi-mini-moe-instruct,Phi-mini-MoE-instruct,8001,v1,0,0,0.0159805845857227,0,0.0,True,
707,phi-mini-moe-instruct,Phi-mini-MoE-instruct,8001,v1,0,0,0.0159805845857227,0,0.0,True,
708,phi-mini-moe-instruct,Phi-mini-MoE-instruct,8001,v1,0,0,0.0159805845857227,0,0.0,True,
709,phi-mini-moe-instruct,Phi-mini-MoE-instruct,8001,v1,0,0,0.0159805845857227,0,0.0,True,
710,phi-mini-moe-instruct,Phi-mini-MoE-instruct,8001,v1,0,0,0.0159805845857227,0,0.0,True,
711,phi-mini-moe-instruct,Phi-mini-MoE-instruct,8001,v1,0,0,0.0159805845857227,0,0.0,True,
712,phi-mini-moe-instruct,Phi-mini-MoE-instruct,8001,v1,0,0,0.0159805845857227,0,0.0,True,
713,phi-mini-moe-instruct,Phi-mini-MoE-instruct,8001,v1,0,0,0.0159805845857227,0,0.0,True,
714,phi-mini-moe-instruct,Phi-mini-MoE-instruct,8001,v1,0,0,0.0159805845857227,0,0.0,True,
715,phi-mini-moe-instruct,Phi-mini-MoE-instruct,8001,v1,0,0,0.0159805845857227,1,0.85,True,
716,phi-mini-moe-instruct,Phi-mini-MoE-instruct,8001,v1,0,0,0.0159805845857227,1,0.85,True,
717,phi-mini-moe-instruct,Phi-mini-MoE-instruct,8001,v1,0,0,0.0159805845857227,0,0.0,True,
718,phi-mini-moe-instruct,Phi-mini-MoE-instruct,8001,v1,0,0,0.5881743286605468,1,0.85,True,
719,phi-mini-moe-instruct,Phi-mini-MoE-instruct,8001,v1,0,0,0.0159805845857227,0,0.0,True,
720,phi-mini-moe-instruct,Phi-mini-MoE-instruct,8001,v1,0,0,0.0159805845857227,0,0.0,True,
721,phi-mini-moe-instruct,Phi-mini-MoE-instruct,8001,v1,0,0,0.0159805845857227,0,0.0,True,
722,phi-mini-moe-instruct,Phi-mini-MoE-instruct,8001,v1,0,0,0.0159805845857227,0,0.0,True,
723,phi-mini-moe-instruct,Phi-mini-MoE-instruct,8001,v1,0,0,0.0159805845857227,0,0.0,True,
724,phi-mini-moe-instruct,Phi-mini-MoE-instruct,8001,v1,0,0,0.0168116105309565,0,0.0,True,
725,phi-mini-moe-instruct,Phi-mini-MoE-instruct,8001,v1,0,0,0.0159805845857227,0,0.0,True,
726,phi-mini-moe-instruct,Phi-mini-MoE-instruct,8001,v1,0,0,0.0170482173882966,0,0.0,True,
727,phi-mini-moe-instruct,Phi-mini-MoE-instruct,8001,v1,0,0,0.0159805845857227,0,0.0,True,
728,phi-mini-moe-instruct,Phi-mini-MoE-instruct,8001,v1,0,0,0.0159805845857227,0,0.0,True,
729,phi-mini-moe-instruct,Phi-mini-MoE-instruct,8001,v1,0,0,0.0159805845857227,0,0.0,True,
730,phi-mini-moe-instruct,Phi-mini-MoE-instruct,8001,v1,0,0,0.0159805845857227,0,0.0,True,
731,phi-mini-moe-instruct,Phi-mini-MoE-instruct,8001,v1,0,0,0.0159805845857227,0,0.0,True,
732,phi-mini-moe-instruct,Phi-mini-MoE-instruct,8001,v1,0,0,0.0159805845857227,0,0.0,True,
733,phi-mini-moe-instruct,Phi-mini-MoE-instruct,8001,v1,0,0,0.0159805845857227,0,0.0,True,
734,phi-mini-moe-instruct,Phi-mini-MoE-instruct,8001,v1,0,0,0.0159805845857227,0,0.0,True,
735,phi-mini-moe-instruct,Phi-mini-MoE-instruct,8001,v1,0,0,0.018668350139184,1,0.85,True,
736,phi-mini-moe-instruct,Phi-mini-MoE-instruct,8001,v1,0,0,0.0159805845857227,0,0.0,True,
737,phi-mini-moe-instruct,Phi-mini-MoE-instruct,8001,v1,0,0,0.0159805845857227,1,0.95,True,
738,phi-mini-moe-instruct,Phi-mini-MoE-instruct,8001,v1,0,0,0.0159805845857227,0,0.0,True,
739,phi-mini-moe-instruct,Phi-mini-MoE-instruct,8001,v1,0,0,0.6324384204130333,0,0.0,True,
740,phi-mini-moe-instruct,Phi-mini-MoE-instruct,8001,v1,0,0,0.019664267886189,0,0.0,True,
741,phi-mini-moe-instruct,Phi-mini-MoE-instruct,8001,v1,0,0,0.0159805845857227,0,0.0,True,
742,phi-mini-moe-instruct,Phi-mini-MoE-instruct,8001,v1,0,0,0.0159805845857227,0,0.0,True,
743,phi-mini-moe-instruct,Phi-mini-MoE-instruct,8001,v1,0,0,0.0159805845857227,0,0.0,True,
744,phi-mini-moe-instruct,Phi-mini-MoE-instruct,8001,v1,0,0,0.0159805845857227,0,0.0,True,
745,phi-mini-moe-instruct,Phi-mini-MoE-instruct,8001,v1,0,0,0.0159805845857227,0,0.0,True,
746,phi-mini-moe-instruct,Phi-mini-MoE-instruct,8001,v1,0,0,0.0159805845857227,0,0.0,True,
747,phi-mini-moe-instruct,Phi-mini-MoE-instruct,8001,v1,0,0,0.0159805845857227,0,0.0,True,
748,phi-mini-moe-instruct,Phi-mini-MoE-instruct,8001,v1,0,0,0.4480627887483567,0,0.0,True,
749,phi-mini-moe-instruct,Phi-mini-MoE-instruct,8001,v1,0,0,0.0159805845857227,0,0.0,True,
750,phi-mini-moe-instruct,Phi-mini-MoE-instruct,8001,v1,0,0,0.0159805845857227,0,0.0,True,
751,phi-mini-moe-instruct,Phi-mini-MoE-instruct,8001,v1,0,0,0.0159805845857227,0,0.0,True,
752,phi-mini-moe-instruct,Phi-mini-MoE-instruct,8001,v1,0,0,0.0159805845857227,0,0.0,True,
753,phi-mini-moe-instruct,Phi-mini-MoE-instruct,8001,v1,0,0,0.0159805845857227,0,0.0,True,
754,phi-mini-moe-instruct,Phi-mini-MoE-instruct,8001,v1,0,0,0.0159805845857227,1,0.85,True,
755,phi-mini-moe-instruct,Phi-mini-MoE-instruct,8001,v1,0,0,0.0159805845857227,0,0.0,True,
756,phi-mini-moe-instruct,Phi-mini-MoE-instruct,8001,v1,0,0,0.0164764362031222,0,0.0,True,
757,phi-mini-moe-instruct,Phi-mini-MoE-instruct,8001,v1,0,0,0.0159805845857227,0,0.0,True,
758,phi-mini-moe-instruct,Phi-mini-MoE-instruct,8001,v1,0,0,0.0159805845857227,0,0.0,True,
759,phi-mini-moe-instruct,Phi-mini-MoE-instruct,8001,v1,0,0,0.6479747647677788,1,0.85,True,
760,phi-mini-moe-instruct,Phi-mini-MoE-instruct,8001,v1,0,0,0.0159805845857227,0,0.0,True,
761,phi-mini-moe-instruct,Phi-mini-MoE-instruct,8001,v1,0,0,0.0159805845857227,0,0.0,True,
762,phi-mini-moe-instruct,Phi-mini-MoE-instruct,8001,v1,0,0,0.0159805845857227,0,0.0,True,
763,phi-mini-moe-instruct,Phi-mini-MoE-instruct,8001,v1,0,0,0.0159805845857227,0,0.0,True,
764,phi-mini-moe-instruct,Phi-mini-MoE-instruct,8001,v1,0,0,0.0159805845857227,0,0.0,True,
765,phi-mini-moe-instruct,Phi-mini-MoE-instruct,8001,v1,0,0,0.0159805845857227,0,0.0,True,
766,phi-mini-moe-instruct,Phi-mini-MoE-instruct,8001,v1,0,0,0.0159805845857227,0,0.0,True,
767,phi-mini-moe-instruct,Phi-mini-MoE-instruct,8001,v1,0,0,0.0159805845857227,0,0.0,True,
768,phi-mini-moe-instruct,Phi-mini-MoE-instruct,8001,v1,0,0,0.0159805845857227,0,0.0,True,
769,phi-mini-moe-instruct,Phi-mini-MoE-instruct,8001,v1,0,0,0.0159805845857227,0,0.0,True,
770,phi-mini-moe-instruct,Phi-mini-MoE-instruct,8001,v1,0,0,0.0159805845857227,0,0.0,True,
771,phi-mini-moe-instruct,Phi-mini-MoE-instruct,8001,v1,0,0,0.0618950305373945,0,0.0,True,
772,phi-mini-moe-instruct,Phi-mini-MoE-instruct,8001,v1,0,0,0.0170561752160735,0,0.0,True,
773,phi-mini-moe-instruct,Phi-mini-MoE-instruct,8001,v1,0,0,0.0159805845857227,0,0.0,True,
774,phi-mini-moe-instruct,Phi-mini-MoE-instruct,8001,v1,0,0,0.0164764362031222,0,0.0,True,
775,phi-mini-moe-instruct,Phi-mini-MoE-instruct,8001,v1,0,0,0.0159805845857227,0,0.0,True,
776,phi-mini-moe-instruct,Phi-mini-MoE-instruct,8001,v1,0,0,0.0159805845857227,0,0.0,True,
777,phi-mini-moe-instruct,Phi-mini-MoE-instruct,8001,v1,0,0,0.0212523555540262,0,0.0,True,
778,phi-mini-moe-instruct,Phi-mini-MoE-instruct,8001,v1,0,0,0.0173469910386151,0,0.0,True,
779,phi-mini-moe-instruct,Phi-mini-MoE-instruct,8001,v1,0,0,0.0174482412450147,0,0.0,True,
780,phi-mini-moe-instruct,Phi-mini-MoE-instruct,8001,v1,0,0,0.0159805845857227,1,0.85,True,
781,phi-mini-moe-instruct,Phi-mini-MoE-instruct,8001,v1,0,0,0.0159805845857227,0,0.0,True,
782,phi-mini-moe-instruct,Phi-mini-MoE-instruct,8001,v1,0,0,0.0159805845857227,0,0.0,True,
783,phi-mini-moe-instruct,Phi-mini-MoE-instruct,8001,v1,0,0,0.0159805845857227,0,0.0,True,
784,phi-mini-moe-instruct,Phi-mini-MoE-instruct,8001,v1,0,0,0.0159805845857227,0,0.0,True,
785,phi-mini-moe-instruct,Phi-mini-MoE-instruct,8001,v1,0,0,0.4090143560474541,1,0.75,True,
786,phi-mini-moe-instruct,Phi-mini-MoE-instruct,8001,v1,0,1,0.6715801373353097,0,0.0,True,
787,phi-mini-moe-instruct,Phi-mini-MoE-instruct,8001,v1,0,0,0.0159805845857227,0,0.0,True,
788,phi-mini-moe-instruct,Phi-mini-MoE-instruct,8001,v1,0,0,0.0159805845857227,0,0.0,True,
789,phi-mini-moe-instruct,Phi-mini-MoE-instruct,8001,v1,0,0,0.0159805845857227,0,0.0,True,
790,phi-mini-moe-instruct,Phi-mini-MoE-instruct,8001,v1,0,0,0.0174482412450147,0,0.0,True,
791,phi-mini-moe-instruct,Phi-mini-MoE-instruct,8001,v1,0,0,0.0159805845857227,0,0.0,True,
792,phi-mini-moe-instruct,Phi-mini-MoE-instruct,8001,v1,0,0,0.0159805845857227,0,0.0,True,
793,phi-mini-moe-instruct,Phi-mini-MoE-instruct,8001,v1,0,0,0.0159805845857227,0,0.0,True,
794,phi-mini-moe-instruct,Phi-mini-MoE-instruct,8001,v1,0,0,0.0174482412450147,0,0.0,True,
795,phi-mini-moe-instruct,Phi-mini-MoE-instruct,8001,v1,0,0,0.0159805845857227,1,0.85,True,
796,phi-mini-moe-instruct,Phi-mini-MoE-instruct,8001,v1,0,0,0.0159805845857227,0,0.0,True,
797,phi-mini-moe-instruct,Phi-mini-MoE-instruct,8001,v1,0,0,0.0159805845857227,0,0.0,True,
798,phi-mini-moe-instruct,Phi-mini-MoE-instruct,8001,v1,0,0,0.6451223621478435,0,0.0,True,
799,phi-mini-moe-instruct,Phi-mini-MoE-instruct,8001,v1,0,0,0.0159805845857227,0,0.0,True,
800,phi-mini-moe-instruct,Phi-mini-MoE-instruct,8001,v1,0,0,0.4938642300043026,0,0.0,True,
801,phi-mini-moe-instruct,Phi-mini-MoE-instruct,8001,v1,0,0,0.0159805845857227,0,0.0,True,
802,phi-mini-moe-instruct,Phi-mini-MoE-instruct,8001,v1,0,0,0.0159805845857227,0,0.0,True,
803,phi-mini-moe-instruct,Phi-mini-MoE-instruct,8001,v1,0,0,0.0159805845857227,0,0.0,True,
804,phi-mini-moe-instruct,Phi-mini-MoE-instruct,8001,v1,0,0,0.5021358047237376,0,0.0,True,
805,phi-mini-moe-instruct,Phi-mini-MoE-instruct,8001,v1,0,0,0.6415135339729302,0,0.0,True,
806,phi-mini-moe-instruct,Phi-mini-MoE-instruct,8001,v1,0,0,0.0159805845857227,0,0.0,True,
807,phi-mini-moe-instruct,Phi-mini-MoE-instruct,8001,v1,0,0,0.0159805845857227,0,0.0,True,
808,phi-mini-moe-instruct,Phi-mini-MoE-instruct,8001,v1,0,0,0.4243598164165157,0,0.0,True,
809,phi-mini-moe-instruct,Phi-mini-MoE-instruct,8001,v1,0,0,0.0174482412450147,0,0.0,True,
810,phi-mini-moe-instruct,Phi-mini-MoE-instruct,8001,v1,0,0,0.0159805845857227,1,0.85,True,
811,phi-mini-moe-instruct,Phi-mini-MoE-instruct,8001,v1,0,0,0.0159805845857227,0,0.0,True,
812,phi-mini-moe-instruct,Phi-mini-MoE-instruct,8001,v1,0,0,0.0164764362031222,0,0.0,True,
813,phi-mini-moe-instruct,Phi-mini-MoE-instruct,8001,v1,0,0,0.0159805845857227,0,0.0,True,
814,phi-mini-moe-instruct,Phi-mini-MoE-instruct,8001,v1,0,0,0.0159805845857227,0,0.0,True,
815,phi-mini-moe-instruct,Phi-mini-MoE-instruct,8001,v1,0,0,0.0159805845857227,0,0.0,True,
816,phi-mini-moe-instruct,Phi-mini-MoE-instruct,8001,v1,0,0,0.0159805845857227,0,0.0,True,
817,phi-mini-moe-instruct,Phi-mini-MoE-instruct,8001,v1,0,0,0.0159805845857227,0,0.0,True,
818,phi-mini-moe-instruct,Phi-mini-MoE-instruct,8001,v1,0,0,0.0298754803102959,1,0.95,True,
819,phi-mini-moe-instruct,Phi-mini-MoE-instruct,8001,v1,0,0,0.0159805845857227,1,0.85,True,
820,phi-mini-moe-instruct,Phi-mini-MoE-instruct,8001,v1,0,0,0.0159805845857227,1,0.85,True,
821,phi-mini-moe-instruct,Phi-mini-MoE-instruct,8001,v1,0,0,0.0159805845857227,0,0.0,True,
822,phi-mini-moe-instruct,Phi-mini-MoE-instruct,8001,v1,0,0,0.0159805845857227,1,0.95,True,
823,phi-mini-moe-instruct,Phi-mini-MoE-instruct,8001,v1,0,0,0.0159805845857227,0,0.0,True,
824,phi-mini-moe-instruct,Phi-mini-MoE-instruct,8001,v1,0,0,0.0159805845857227,1,0.85,True,
825,phi-mini-moe-instruct,Phi-mini-MoE-instruct,8001,v1,0,0,0.0159805845857227,0,0.0,True,
826,phi-mini-moe-instruct,Phi-mini-MoE-instruct,8001,v1,0,0,0.0159805845857227,0,0.0,True,
827,phi-mini-moe-instruct,Phi-mini-MoE-instruct,8001,v1,0,0,0.0159805845857227,0,0.0,True,
828,phi-mini-moe-instruct,Phi-mini-MoE-instruct,8001,v1,0,0,0.0159805845857227,0,0.0,True,
829,phi-mini-moe-instruct,Phi-mini-MoE-instruct,8001,v1,0,0,0.0159805845857227,0,0.0,True,
830,phi-mini-moe-instruct,Phi-mini-MoE-instruct,8001,v1,0,0,0.0159805845857227,0,0.0,True,
831,phi-mini-moe-instruct,Phi-mini-MoE-instruct,8001,v1,0,0,0.0159805845857227,0,0.0,True,
832,phi-mini-moe-instruct,Phi-mini-MoE-instruct,8001,v1,0,0,0.0159805845857227,0,0.0,True,
833,phi-mini-moe-instruct,Phi-mini-MoE-instruct,8001,v1,0,0,0.0159805845857227,0,0.0,True,
834,phi-mini-moe-instruct,Phi-mini-MoE-instruct,8001,v1,1,1,0.6848183476934471,1,0.85,True,
835,phi-mini-moe-instruct,Phi-mini-MoE-instruct,8001,v1,0,0,0.0168116105309565,0,0.0,True,
836,phi-mini-moe-instruct,Phi-mini-MoE-instruct,8001,v1,0,0,0.0159805845857227,0,0.0,True,
837,phi-mini-moe-instruct,Phi-mini-MoE-instruct,8001,v1,0,0,0.0159805845857227,0,0.0,True,
838,phi-mini-moe-instruct,Phi-mini-MoE-instruct,8001,v1,0,0,0.0159805845857227,0,0.0,True,
839,phi-mini-moe-instruct,Phi-mini-MoE-instruct,8001,v1,0,0,0.0159805845857227,0,0.0,True,
840,phi-mini-moe-instruct,Phi-mini-MoE-instruct,8001,v1,0,0,0.0159805845857227,0,0.0,True,
841,phi-mini-moe-instruct,Phi-mini-MoE-instruct,8001,v1,0,0,0.0159805845857227,1,0.85,True,
842,phi-mini-moe-instruct,Phi-mini-MoE-instruct,8001,v1,0,0,0.0159805845857227,0,0.0,True,
843,phi-mini-moe-instruct,Phi-mini-MoE-instruct,8001,v1,0,0,0.0179755870369861,0,0.0,True,
844,phi-mini-moe-instruct,Phi-mini-MoE-instruct,8001,v1,0,0,0.2352994407794197,0,0.0,True,
845,phi-mini-moe-instruct,Phi-mini-MoE-instruct,8001,v1,0,0,0.0159805845857227,0,0.0,True,
846,phi-mini-moe-instruct,Phi-mini-MoE-instruct,8001,v1,0,0,0.0159805845857227,0,0.0,True,
847,phi-mini-moe-instruct,Phi-mini-MoE-instruct,8001,v1,0,0,0.0159805845857227,0,0.0,True,
848,phi-mini-moe-instruct,Phi-mini-MoE-instruct,8001,v1,0,0,0.0159805845857227,0,0.0,True,
849,phi-mini-moe-instruct,Phi-mini-MoE-instruct,8001,v1,0,0,0.0159805845857227,0,0.0,True,
850,phi-mini-moe-instruct,Phi-mini-MoE-instruct,8001,v1,0,0,0.0159805845857227,0,0.0,True,
851,phi-mini-moe-instruct,Phi-mini-MoE-instruct,8001,v1,0,0,0.0159805845857227,0,0.0,True,
852,phi-mini-moe-instruct,Phi-mini-MoE-instruct,8001,v1,0,0,0.0159805845857227,0,0.0,True,
853,phi-mini-moe-instruct,Phi-mini-MoE-instruct,8001,v1,0,0,0.0159805845857227,0,0.0,True,
854,phi-mini-moe-instruct,Phi-mini-MoE-instruct,8001,v1,0,0,0.0159805845857227,0,0.0,True,
855,phi-mini-moe-instruct,Phi-mini-MoE-instruct,8001,v1,0,0,0.0364048671467152,0,0.0,True,
856,phi-mini-moe-instruct,Phi-mini-MoE-instruct,8001,v1,0,0,0.0159805845857227,0,0.0,True,
857,phi-mini-moe-instruct,Phi-mini-MoE-instruct,8001,v1,0,0,0.0159805845857227,0,0.0,True,
858,phi-mini-moe-instruct,Phi-mini-MoE-instruct,8001,v1,0,0,0.0159805845857227,0,0.0,True,
859,phi-mini-moe-instruct,Phi-mini-MoE-instruct,8001,v1,0,0,0.0159805845857227,1,0.85,True,
860,phi-mini-moe-instruct,Phi-mini-MoE-instruct,8001,v1,0,0,0.0159805845857227,0,0.0,True,
861,phi-mini-moe-instruct,Phi-mini-MoE-instruct,8001,v1,0,0,0.0159805845857227,0,0.0,True,
862,phi-mini-moe-instruct,Phi-mini-MoE-instruct,8001,v1,0,0,0.0159805845857227,0,0.0,True,
863,phi-mini-moe-instruct,Phi-mini-MoE-instruct,8001,v1,0,0,0.0159805845857227,0,0.0,True,
864,phi-mini-moe-instruct,Phi-mini-MoE-instruct,8001,v1,0,0,0.0159805845857227,0,0.0,True,
865,phi-mini-moe-instruct,Phi-mini-MoE-instruct,8001,v1,0,0,0.0159805845857227,0,0.0,True,
866,phi-mini-moe-instruct,Phi-mini-MoE-instruct,8001,v1,0,0,0.0168116105309565,0,0.0,True,
867,phi-mini-moe-instruct,Phi-mini-MoE-instruct,8001,v1,0,0,0.0159805845857227,0,0.0,True,
868,phi-mini-moe-instruct,Phi-mini-MoE-instruct,8001,v1,0,0,0.0159805845857227,0,0.0,True,
869,phi-mini-moe-instruct,Phi-mini-MoE-instruct,8001,v1,0,0,0.0168271422489374,0,0.0,True,
870,phi-mini-moe-instruct,Phi-mini-MoE-instruct,8001,v1,0,0,0.0159805845857227,0,0.0,True,
871,phi-mini-moe-instruct,Phi-mini-MoE-instruct,8001,v1,0,0,0.0159805845857227,0,0.0,True,
872,phi-mini-moe-instruct,Phi-mini-MoE-instruct,8001,v1,0,0,0.0159805845857227,0,0.0,True,
873,phi-mini-moe-instruct,Phi-mini-MoE-instruct,8001,v1,0,0,0.0159805845857227,0,0.0,True,
874,phi-mini-moe-instruct,Phi-mini-MoE-instruct,8001,v1,0,0,0.0159805845857227,0,0.0,True,
875,phi-mini-moe-instruct,Phi-mini-MoE-instruct,8001,v1,0,1,0.7334446021296293,1,0.85,True,
876,phi-mini-moe-instruct,Phi-mini-MoE-instruct,8001,v1,0,0,0.0159805845857227,0,0.0,True,
877,phi-mini-moe-instruct,Phi-mini-MoE-instruct,8001,v1,0,0,0.0159805845857227,0,0.0,True,
878,phi-mini-moe-instruct,Phi-mini-MoE-instruct,8001,v1,1,1,0.7211548456582404,1,0.85,True,
879,phi-mini-moe-instruct,Phi-mini-MoE-instruct,8001,v1,0,0,0.0159805845857227,0,0.0,True,
880,phi-mini-moe-instruct,Phi-mini-MoE-instruct,8001,v1,0,0,0.0159805845857227,0,0.0,True,
881,phi-mini-moe-instruct,Phi-mini-MoE-instruct,8001,v1,0,0,0.0159805845857227,0,0.0,True,
882,phi-mini-moe-instruct,Phi-mini-MoE-instruct,8001,v1,0,0,0.0159805845857227,1,0.95,True,
883,phi-mini-moe-instruct,Phi-mini-MoE-instruct,8001,v1,0,0,0.0159805845857227,0,0.0,True,
884,phi-mini-moe-instruct,Phi-mini-MoE-instruct,8001,v1,0,0,0.0159805845857227,0,0.0,True,
885,phi-mini-moe-instruct,Phi-mini-MoE-instruct,8001,v1,0,0,0.0159805845857227,0,0.0,True,
886,phi-mini-moe-instruct,Phi-mini-MoE-instruct,8001,v1,0,0,0.0159805845857227,0,0.0,True,
887,phi-mini-moe-instruct,Phi-mini-MoE-instruct,8001,v1,0,0,0.0174482412450147,0,0.0,True,
888,phi-mini-moe-instruct,Phi-mini-MoE-instruct,8001,v1,0,0,0.0159805845857227,0,0.0,True,
889,phi-mini-moe-instruct,Phi-mini-MoE-instruct,8001,v1,0,0,0.0159805845857227,1,0.85,True,
890,phi-mini-moe-instruct,Phi-mini-MoE-instruct,8001,v1,0,0,0.0159805845857227,0,0.0,True,
891,phi-mini-moe-instruct,Phi-mini-MoE-instruct,8001,v1,0,0,0.289917593906282,1,0.85,True,
892,phi-mini-moe-instruct,Phi-mini-MoE-instruct,8001,v1,0,0,0.0159805845857227,0,0.0,True,
893,phi-mini-moe-instruct,Phi-mini-MoE-instruct,8001,v1,0,0,0.0159805845857227,0,0.0,True,
894,phi-mini-moe-instruct,Phi-mini-MoE-instruct,8001,v1,0,0,0.0159805845857227,1,0.85,True,
895,phi-mini-moe-instruct,Phi-mini-MoE-instruct,8001,v1,0,0,0.0159805845857227,0,0.0,True,
896,phi-mini-moe-instruct,Phi-mini-MoE-instruct,8001,v1,0,0,0.0174482412450147,1,0.85,True,
897,phi-mini-moe-instruct,Phi-mini-MoE-instruct,8001,v1,0,0,0.0159805845857227,0,0.0,True,
898,phi-mini-moe-instruct,Phi-mini-MoE-instruct,8001,v1,0,0,0.0159805845857227,0,0.0,True,
899,phi-mini-moe-instruct,Phi-mini-MoE-instruct,8001,v1,0,0,0.0159805845857227,0,0.0,True,
900,phi-mini-moe-instruct,Phi-mini-MoE-instruct,8001,v1,0,0,0.0159805845857227,0,0.0,True,
901,phi-mini-moe-instruct,Phi-mini-MoE-instruct,8001,v1,0,0,0.0159805845857227,0,0.0,True,
902,phi-mini-moe-instruct,Phi-mini-MoE-instruct,8001,v1,0,0,0.0159805845857227,0,0.0,True,
903,phi-mini-moe-instruct,Phi-mini-MoE-instruct,8001,v1,0,0,0.0159805845857227,0,0.0,True,
904,phi-mini-moe-instruct,Phi-mini-MoE-instruct,8001,v1,0,0,0.0159805845857227,0,0.0,True,
905,phi-mini-moe-instruct,Phi-mini-MoE-instruct,8001,v1,0,0,0.0159805845857227,0,0.0,True,
906,phi-mini-moe-instruct,Phi-mini-MoE-instruct,8001,v1,0,0,0.0159805845857227,0,0.0,True,
907,phi-mini-moe-instruct,Phi-mini-MoE-instruct,8001,v1,0,0,0.0159805845857227,0,0.0,True,
908,phi-mini-moe-instruct,Phi-mini-MoE-instruct,8001,v1,0,0,0.0159805845857227,0,0.0,True,
909,phi-mini-moe-instruct,Phi-mini-MoE-instruct,8001,v1,0,0,0.0159805845857227,0,0.0,True,
910,phi-mini-moe-instruct,Phi-mini-MoE-instruct,8001,v1,0,0,0.0159805845857227,0,0.0,True,
911,phi-mini-moe-instruct,Phi-mini-MoE-instruct,8001,v1,0,0,0.0159805845857227,0,0.0,True,
912,phi-mini-moe-instruct,Phi-mini-MoE-instruct,8001,v1,0,0,0.0159805845857227,1,0.95,True,
913,phi-mini-moe-instruct,Phi-mini-MoE-instruct,8001,v1,0,0,0.0159805845857227,0,0.0,True,
914,phi-mini-moe-instruct,Phi-mini-MoE-instruct,8001,v1,0,0,0.0159805845857227,0,0.0,True,
915,phi-mini-moe-instruct,Phi-mini-MoE-instruct,8001,v1,1,0,0.6364099644153653,1,0.85,True,
916,phi-mini-moe-instruct,Phi-mini-MoE-instruct,8001,v1,0,0,0.0191580923227825,0,0.0,True,
917,phi-mini-moe-instruct,Phi-mini-MoE-instruct,8001,v1,0,0,0.0457562579751959,0,0.0,True,
918,phi-mini-moe-instruct,Phi-mini-MoE-instruct,8001,v1,0,0,0.0159805845857227,0,0.0,True,
919,phi-mini-moe-instruct,Phi-mini-MoE-instruct,8001,v1,0,0,0.0159805845857227,0,0.0,True,
920,phi-mini-moe-instruct,Phi-mini-MoE-instruct,8001,v1,0,0,0.0159805845857227,0,0.0,True,
921,phi-mini-moe-instruct,Phi-mini-MoE-instruct,8001,v1,0,0,0.019789799117305,0,0.0,True,
922,phi-mini-moe-instruct,Phi-mini-MoE-instruct,8001,v1,0,0,0.0159805845857227,0,0.0,True,
923,phi-mini-moe-instruct,Phi-mini-MoE-instruct,8001,v1,0,0,0.0988263540092406,0,0.0,True,
924,phi-mini-moe-instruct,Phi-mini-MoE-instruct,8001,v1,0,1,0.7349292439826033,1,0.95,True,
925,phi-mini-moe-instruct,Phi-mini-MoE-instruct,8001,v1,0,0,0.0159805845857227,0,0.0,True,
926,phi-mini-moe-instruct,Phi-mini-MoE-instruct,8001,v1,0,0,0.0159805845857227,1,0.85,True,
927,phi-mini-moe-instruct,Phi-mini-MoE-instruct,8001,v1,0,0,0.0159805845857227,0,0.0,True,
928,phi-mini-moe-instruct,Phi-mini-MoE-instruct,8001,v1,0,0,0.0159805845857227,0,0.0,True,
929,phi-mini-moe-instruct,Phi-mini-MoE-instruct,8001,v1,0,0,0.0159805845857227,0,0.0,True,
930,phi-mini-moe-instruct,Phi-mini-MoE-instruct,8001,v1,0,0,0.0311259113949034,0,0.0,True,
931,phi-mini-moe-instruct,Phi-mini-MoE-instruct,8001,v1,0,0,0.5335916402570166,0,0.0,True,
932,phi-mini-moe-instruct,Phi-mini-MoE-instruct,8001,v1,0,0,0.0159805845857227,0,0.0,True,
933,phi-mini-moe-instruct,Phi-mini-MoE-instruct,8001,v1,0,0,0.0159805845857227,0,0.0,True,
934,phi-mini-moe-instruct,Phi-mini-MoE-instruct,8001,v1,1,1,0.7330377459122921,1,0.85,True,
935,phi-mini-moe-instruct,Phi-mini-MoE-instruct,8001,v1,0,0,0.0159805845857227,0,0.0,True,
936,phi-mini-moe-instruct,Phi-mini-MoE-instruct,8001,v1,0,0,0.0159805845857227,0,0.0,True,
937,phi-mini-moe-instruct,Phi-mini-MoE-instruct,8001,v1,0,0,0.0159805845857227,0,0.0,True,
938,phi-mini-moe-instruct,Phi-mini-MoE-instruct,8001,v1,0,0,0.0159805845857227,0,0.0,True,
939,phi-mini-moe-instruct,Phi-mini-MoE-instruct,8001,v1,0,0,0.0159805845857227,0,0.0,True,
940,phi-mini-moe-instruct,Phi-mini-MoE-instruct,8001,v1,0,0,0.0159805845857227,0,0.0,True,
941,phi-mini-moe-instruct,Phi-mini-MoE-instruct,8001,v1,0,0,0.0159805845857227,0,0.0,True,
942,phi-mini-moe-instruct,Phi-mini-MoE-instruct,8001,v1,0,0,0.0159805845857227,1,0.95,True,
943,phi-mini-moe-instruct,Phi-mini-MoE-instruct,8001,v1,0,0,0.0159805845857227,0,0.0,True,
944,phi-mini-moe-instruct,Phi-mini-MoE-instruct,8001,v1,0,0,0.0179755870369861,0,0.0,True,
945,phi-mini-moe-instruct,Phi-mini-MoE-instruct,8001,v1,0,0,0.0159805845857227,0,0.0,True,
946,phi-mini-moe-instruct,Phi-mini-MoE-instruct,8001,v1,0,0,0.0159805845857227,0,0.0,True,
947,phi-mini-moe-instruct,Phi-mini-MoE-instruct,8001,v1,0,0,0.0159805845857227,0,0.0,True,
948,phi-mini-moe-instruct,Phi-mini-MoE-instruct,8001,v1,0,0,0.0174482412450147,1,0.85,True,
949,phi-mini-moe-instruct,Phi-mini-MoE-instruct,8001,v1,0,0,0.0159805845857227,0,0.0,True,
950,phi-mini-moe-instruct,Phi-mini-MoE-instruct,8001,v1,0,0,0.0159805845857227,0,0.0,True,
951,phi-mini-moe-instruct,Phi-mini-MoE-instruct,8001,v1,0,0,0.0159805845857227,0,0.0,True,
952,phi-mini-moe-instruct,Phi-mini-MoE-instruct,8001,v1,0,0,0.0159805845857227,0,0.0,True,
953,phi-mini-moe-instruct,Phi-mini-MoE-instruct,8001,v1,0,0,0.0159805845857227,0,0.0,True,
954,phi-mini-moe-instruct,Phi-mini-MoE-instruct,8001,v1,0,0,0.0159805845857227,0,0.0,True,
955,phi-mini-moe-instruct,Phi-mini-MoE-instruct,8001,v1,0,0,0.0159805845857227,0,0.0,True,
956,phi-mini-moe-instruct,Phi-mini-MoE-instruct,8001,v1,0,0,0.0159805845857227,0,0.0,True,
957,phi-mini-moe-instruct,Phi-mini-MoE-instruct,8001,v1,0,0,0.0159805845857227,0,0.0,True,
958,phi-mini-moe-instruct,Phi-mini-MoE-instruct,8001,v1,0,0,0.0159805845857227,0,0.0,True,
959,phi-mini-moe-instruct,Phi-mini-MoE-instruct,8001,v1,0,0,0.0159805845857227,0,0.0,True,
960,phi-mini-moe-instruct,Phi-mini-MoE-instruct,8001,v1,0,0,0.0174482412450147,0,0.0,True,
961,phi-mini-moe-instruct,Phi-mini-MoE-instruct,8001,v1,0,0,0.0183980177320762,0,0.0,True,
962,phi-mini-moe-instruct,Phi-mini-MoE-instruct,8001,v1,0,0,0.0168271422489374,0,0.0,True,
963,phi-mini-moe-instruct,Phi-mini-MoE-instruct,8001,v1,0,0,0.0159805845857227,0,0.0,True,
964,phi-mini-moe-instruct,Phi-mini-MoE-instruct,8001,v1,0,0,0.0159805845857227,1,0.85,True,
965,phi-mini-moe-instruct,Phi-mini-MoE-instruct,8001,v1,1,1,0.7401236675533011,1,0.85,True,
966,phi-mini-moe-instruct,Phi-mini-MoE-instruct,8001,v1,0,0,0.0159805845857227,0,0.0,True,
967,phi-mini-moe-instruct,Phi-mini-MoE-instruct,8001,v1,0,0,0.0174482412450147,0,0.0,True,
968,phi-mini-moe-instruct,Phi-mini-MoE-instruct,8001,v1,0,0,0.0159805845857227,0,0.0,True,
969,phi-mini-moe-instruct,Phi-mini-MoE-instruct,8001,v1,0,0,0.0159805845857227,0,0.0,True,
970,phi-mini-moe-instruct,Phi-mini-MoE-instruct,8001,v1,0,0,0.0159805845857227,0,0.0,True,
971,phi-mini-moe-instruct,Phi-mini-MoE-instruct,8001,v1,0,0,0.0185148589045724,0,0.0,True,
972,phi-mini-moe-instruct,Phi-mini-MoE-instruct,8001,v1,0,0,0.0159805845857227,0,0.0,True,
973,phi-mini-moe-instruct,Phi-mini-MoE-instruct,8001,v1,0,0,0.0168116105309565,0,0.0,True,
974,phi-mini-moe-instruct,Phi-mini-MoE-instruct,8001,v1,0,0,0.0159805845857227,0,0.0,True,
975,phi-mini-moe-instruct,Phi-mini-MoE-instruct,8001,v1,0,0,0.0179583774403273,0,0.0,True,
976,phi-mini-moe-instruct,Phi-mini-MoE-instruct,8001,v1,0,0,0.0159805845857227,0,0.0,True,
977,phi-mini-moe-instruct,Phi-mini-MoE-instruct,8001,v1,0,0,0.0159805845857227,0,0.0,True,
978,phi-mini-moe-instruct,Phi-mini-MoE-instruct,8001,v1,0,0,0.0159805845857227,0,0.0,True,
979,phi-mini-moe-instruct,Phi-mini-MoE-instruct,8001,v1,0,0,0.0159805845857227,0,0.0,True,
980,phi-mini-moe-instruct,Phi-mini-MoE-instruct,8001,v1,0,0,0.0159805845857227,0,0.0,True,
981,phi-mini-moe-instruct,Phi-mini-MoE-instruct,8001,v1,0,0,0.0159805845857227,1,0.85,True,
982,phi-mini-moe-instruct,Phi-mini-MoE-instruct,8001,v1,0,0,0.0159805845857227,0,0.0,True,
983,phi-mini-moe-instruct,Phi-mini-MoE-instruct,8001,v1,0,1,0.6575834776379499,0,0.0,True,
984,phi-mini-moe-instruct,Phi-mini-MoE-instruct,8001,v1,0,0,0.020226548972622,0,0.0,True,
985,phi-mini-moe-instruct,Phi-mini-MoE-instruct,8001,v1,0,0,0.0159805845857227,0,0.0,True,
986,phi-mini-moe-instruct,Phi-mini-MoE-instruct,8001,v1,0,0,0.4247956921899562,0,0.0,True,
987,phi-mini-moe-instruct,Phi-mini-MoE-instruct,8001,v1,0,0,0.0159805845857227,1,0.85,True,
988,phi-mini-moe-instruct,Phi-mini-MoE-instruct,8001,v1,0,0,0.6018948819328759,0,0.0,True,
989,phi-mini-moe-instruct,Phi-mini-MoE-instruct,8001,v1,0,0,0.0274011967206008,0,0.0,True,
990,phi-mini-moe-instruct,Phi-mini-MoE-instruct,8001,v1,0,0,0.0159805845857227,0,0.0,True,
991,phi-mini-moe-instruct,Phi-mini-MoE-instruct,8001,v1,0,0,0.0159805845857227,0,0.0,True,
992,phi-mini-moe-instruct,Phi-mini-MoE-instruct,8001,v1,1,0,0.2649128063001893,0,0.0,True,
993,phi-mini-moe-instruct,Phi-mini-MoE-instruct,8001,v1,0,0,0.0159805845857227,0,0.0,True,
994,phi-mini-moe-instruct,Phi-mini-MoE-instruct,8001,v1,0,0,0.0159805845857227,0,0.0,True,
995,phi-mini-moe-instruct,Phi-mini-MoE-instruct,8001,v1,0,0,0.0159805845857227,0,0.0,True,
996,phi-mini-moe-instruct,Phi-mini-MoE-instruct,8001,v1,0,0,0.0159805845857227,0,0.0,True,
997,phi-mini-moe-instruct,Phi-mini-MoE-instruct,8001,v1,0,0,0.0174673011842364,0,0.0,True,
998,phi-mini-moe-instruct,Phi-mini-MoE-instruct,8001,v1,0,0,0.3090803733388338,0,0.0,True,
999,phi-mini-moe-instruct,Phi-mini-MoE-instruct,8001,v1,0,0,0.0159805845857227,0,0.0,True,
